epoch,time,train/box_loss,train/seg_loss,train/cls_loss,train/dfl_loss,train/sem_loss,metrics/precision(B),metrics/recall(B),metrics/mAP50(B),metrics/mAP50-95(B),metrics/precision(M),metrics/recall(M),metrics/mAP50(M),metrics/mAP50-95(M),val/box_loss,val/seg_loss,val/cls_loss,val/dfl_loss,val/sem_loss,lr/pg0,lr/pg1,lr/pg2,lr/pg3,lr/pg4,lr/pg5,lr/pg6,lr/pg7
1,26.9435,0.88475,1.55577,6.74804,0.00259,3.4855,0.00329,0.98765,0.4363,0.26231,0.00329,0.98765,0.54247,0.42369,0.60479,0.72232,6.20266,0.00269,0,0.00977273,0.00325758,0.00977273,0.00325758,0.00977273,0.00325758,0.00977273,0.00325758
2,41.7105,0.9186,0.71793,2.50605,0.0025,0.34481,1,0.31708,0.92047,0.73024,1,0.31708,0.9206,0.74157,0.78682,0.69897,2.50521,0.00357,0,0.0197532,0.00658438,0.0197532,0.00658438,0.0197532,0.00658438,0.0197532,0.00658438
3,54.9343,1.04098,0.68026,1.35188,0.00289,0.28624,0.85674,0.90447,0.90109,0.71146,0.85674,0.90447,0.90109,0.72429,0.75969,0.77114,0.8541,0.00353,0,0.0297138,0.00990459,0.0297138,0.00990459,0.0297138,0.00990459,0.0297138,0.00990459
4,68.0351,1.01552,0.70686,0.7989,0.00283,0.29949,0.81733,0.90123,0.87309,0.59101,0.82852,0.91358,0.90167,0.6972,1.22492,1.04376,1.45109,0.00635,0,0.0299109,0.0099703,0.0299109,0.0099703,0.0299109,0.0099703,0.0299109,0.0099703
5,81.1098,0.98853,0.66322,0.62622,0.00284,0.27991,0.91457,0.91667,0.96063,0.66849,0.91761,0.92807,0.97298,0.7035,1.14361,0.77502,0.86136,0.00552,0,0.0298812,0.0099604,0.0298812,0.0099604,0.0298812,0.0099604,0.0298812,0.0099604
6,94.2348,0.94589,0.64378,0.50551,0.00266,0.23383,0.89686,0.83333,0.91714,0.49209,0.89759,0.81154,0.91092,0.65975,1.69257,0.92237,0.80832,0.00867,0,0.0298515,0.0099505,0.0298515,0.0099505,0.0298515,0.0099505,0.0298515,0.0099505
7,107.245,0.93297,0.63993,0.47022,0.00267,0.22439,0.93957,0.92901,0.97902,0.7367,0.93957,0.92901,0.97909,0.81193,0.89066,0.80648,0.41113,0.00431,0,0.0298218,0.0099406,0.0298218,0.0099406,0.0298218,0.0099406,0.0298218,0.0099406
8,120.257,0.9148,0.62179,0.40676,0.00255,0.20312,0.97482,0.95574,0.98031,0.77026,0.97482,0.95574,0.98031,0.84227,0.81605,0.90908,0.41518,0.00379,0,0.0297921,0.0099307,0.0297921,0.0099307,0.0297921,0.0099307,0.0297921,0.0099307
9,133.31,0.85198,0.57363,0.37546,0.00236,0.18178,0.96187,0.95679,0.97903,0.73304,0.96807,0.96296,0.9868,0.85432,1.00605,0.79885,0.49457,0.0048,0,0.0297624,0.0099208,0.0297624,0.0099208,0.0297624,0.0099208,0.0297624,0.0099208
10,146.302,0.84986,0.58664,0.35851,0.00229,0.18803,0.82267,0.90741,0.91616,0.69832,0.83699,0.92284,0.93272,0.75934,0.99813,0.69518,0.72845,0.00484,0,0.0297327,0.0099109,0.0297327,0.0099109,0.0297327,0.0099109,0.0297327,0.0099109
11,159.291,0.84882,0.55663,0.34442,0.0023,0.17005,0.81316,0.92682,0.93288,0.75997,0.81316,0.92682,0.93288,0.77606,0.81551,0.67093,0.93561,0.00393,0,0.029703,0.009901,0.029703,0.009901,0.029703,0.009901,0.029703,0.009901
12,172.354,0.78232,0.54951,0.34332,0.00214,0.16306,0.80775,0.93366,0.93881,0.72881,0.80775,0.93366,0.93881,0.734,0.86567,0.85128,0.77065,0.00414,0,0.0296733,0.0098911,0.0296733,0.0098911,0.0296733,0.0098911,0.0296733,0.0098911
13,185.436,0.7925,0.55311,0.32307,0.00212,0.15527,0.9055,0.96605,0.97253,0.77406,0.91418,0.97531,0.97954,0.83263,0.87197,0.77934,0.62439,0.00424,0,0.0296436,0.0098812,0.0296436,0.0098812,0.0296436,0.0098812,0.0296436,0.0098812
14,198.593,0.78053,0.54338,0.31577,0.00218,0.17733,0.95667,0.88587,0.96472,0.74074,0.95667,0.88587,0.96472,0.78586,0.97778,0.91503,0.53811,0.00484,0,0.0296139,0.0098713,0.0296139,0.0098713,0.0296139,0.0098713,0.0296139,0.0098713
15,211.635,0.79285,0.53226,0.32085,0.00217,0.15704,0.93879,0.94679,0.97456,0.75158,0.96198,0.93708,0.97798,0.80405,0.94737,0.76318,0.38099,0.00457,0,0.0295842,0.0098614,0.0295842,0.0098614,0.0295842,0.0098614,0.0295842,0.0098614
16,224.687,0.7476,0.5247,0.29623,0.00202,0.1363,0.77467,0.89815,0.91188,0.75391,0.78577,0.91049,0.92524,0.74863,0.75292,0.85478,0.82604,0.00363,0,0.0295545,0.0098515,0.0295545,0.0098515,0.0295545,0.0098515,0.0295545,0.0098515
17,237.715,0.75093,0.50849,0.30944,0.00206,0.14514,0.9228,0.94136,0.95554,0.74928,0.93188,0.95062,0.97092,0.81991,0.86453,0.73791,0.51668,0.0041,0,0.0295248,0.0098416,0.0295248,0.0098416,0.0295248,0.0098416,0.0295248,0.0098416
18,250.751,0.73919,0.51224,0.2989,0.00199,0.14291,0.97115,0.93491,0.97238,0.82164,0.98076,0.94405,0.98113,0.82782,0.72489,0.71377,0.32124,0.00346,0,0.0294951,0.0098317,0.0294951,0.0098317,0.0294951,0.0098317,0.0294951,0.0098317
19,263.922,0.72692,0.52251,0.29306,0.00199,0.1363,0.93706,0.95062,0.97642,0.85487,0.93706,0.95062,0.97642,0.85394,0.65336,0.7081,0.32914,0.00307,0,0.0294654,0.0098218,0.0294654,0.0098218,0.0294654,0.0098218,0.0294654,0.0098218
20,277.275,0.73831,0.51305,0.31398,0.002,0.14924,0.96102,0.83702,0.92475,0.77927,0.96456,0.8401,0.93114,0.78371,0.68537,0.81702,0.56013,0.00327,0,0.0294357,0.0098119,0.0294357,0.0098119,0.0294357,0.0098119,0.0294357,0.0098119
21,290.285,0.71793,0.51134,0.30703,0.00192,0.16281,0.95344,0.8848,0.94061,0.76733,0.9701,0.90113,0.96107,0.79497,0.83445,1.05905,0.55293,0.00396,0,0.029406,0.009802,0.029406,0.009802,0.029406,0.009802,0.029406,0.009802
22,303.367,0.74283,0.53103,0.3017,0.002,0.14377,0.97353,0.95988,0.98636,0.81925,0.9704,0.95679,0.98394,0.81846,0.74812,0.80845,0.28945,0.00354,0,0.0293763,0.0097921,0.0293763,0.0097921,0.0293763,0.0097921,0.0293763,0.0097921
23,316.599,0.70772,0.47874,0.26131,0.00192,0.12689,0.96718,0.91667,0.9724,0.78507,0.97705,0.92593,0.98504,0.8218,0.84203,0.77528,0.50101,0.00398,0,0.0293466,0.0097822,0.0293466,0.0097822,0.0293466,0.0097822,0.0293466,0.0097822
24,329.612,0.72588,0.48784,0.27529,0.00198,0.13618,0.89614,0.9587,0.9679,0.83229,0.90217,0.96767,0.97336,0.81343,0.64018,0.78249,0.54904,0.00296,0,0.0293169,0.0097723,0.0293169,0.0097723,0.0293169,0.0097723,0.0293169,0.0097723
25,342.847,0.67749,0.47594,0.25635,0.00181,0.12104,0.90357,0.95435,0.96975,0.82956,0.90357,0.95435,0.96975,0.85105,0.65212,0.73891,0.52175,0.003,0,0.0292872,0.0097624,0.0292872,0.0097624,0.0292872,0.0097624,0.0292872,0.0097624
26,355.886,0.6969,0.47143,0.26981,0.00182,0.12682,0.98599,0.96914,0.9869,0.82065,0.98599,0.96914,0.9869,0.83264,0.70541,0.68031,0.32388,0.00338,0,0.0292575,0.0097525,0.0292575,0.0097525,0.0292575,0.0097525,0.0292575,0.0097525
27,368.916,0.6749,0.46378,0.25208,0.00178,0.11741,0.96151,0.92523,0.97771,0.86649,0.96151,0.92523,0.97771,0.8533,0.58354,0.69316,0.36773,0.0027,0,0.0292278,0.0097426,0.0292278,0.0097426,0.0292278,0.0097426,0.0292278,0.0097426
28,382.338,0.67796,0.47026,0.25689,0.0018,0.12337,0.93567,0.9537,0.98287,0.85003,0.9387,0.95679,0.98401,0.82747,0.61716,0.77386,0.39505,0.0029,0,0.0291981,0.0097327,0.0291981,0.0097327,0.0291981,0.0097327,0.0291981,0.0097327
29,395.399,0.654,0.47941,0.24865,0.00172,0.13588,0.99472,0.91975,0.97397,0.84639,1,0.92585,0.98246,0.85245,0.64283,0.76015,0.3052,0.00304,0,0.0291684,0.0097228,0.0291684,0.0097228,0.0291684,0.0097228,0.0291684,0.0097228
30,408.505,0.66806,0.47091,0.26822,0.00179,0.13214,0.92242,0.91744,0.95923,0.82555,0.93794,0.93288,0.97915,0.84031,0.63178,0.80964,0.41641,0.00295,0,0.0291387,0.0097129,0.0291387,0.0097129,0.0291387,0.0097129,0.0291387,0.0097129
31,421.906,0.66482,0.47021,0.26305,0.00177,0.11878,0.95188,0.92284,0.97841,0.80374,0.95188,0.92284,0.97841,0.83095,0.69997,0.74006,0.45466,0.00323,0,0.029109,0.009703,0.029109,0.009703,0.029109,0.009703,0.029109,0.009703
32,434.945,0.66068,0.45662,0.25072,0.00176,0.11524,0.88605,0.96914,0.95226,0.81577,0.89169,0.97531,0.95662,0.81605,0.64204,0.7507,0.60492,0.00308,0,0.0290793,0.0096931,0.0290793,0.0096931,0.0290793,0.0096931,0.0290793,0.0096931
33,448.203,0.66604,0.46105,0.25174,0.00176,0.13673,0.87585,0.93827,0.93938,0.80481,0.87873,0.94136,0.9421,0.80545,0.64922,0.66405,0.6435,0.00302,0,0.0290496,0.0096832,0.0290496,0.0096832,0.0290496,0.0096832,0.0290496,0.0096832
34,461.247,0.66447,0.4406,0.23558,0.00178,0.10924,0.91444,0.92362,0.9581,0.8234,0.91444,0.92362,0.9581,0.81267,0.63712,0.76087,0.60234,0.00308,0,0.0290199,0.0096733,0.0290199,0.0096733,0.0290199,0.0096733,0.0290199,0.0096733
35,474.288,0.65821,0.44473,0.24597,0.00175,0.11838,0.81846,0.9537,0.90704,0.78665,0.82125,0.95679,0.90838,0.78012,0.59817,0.69016,0.69862,0.00284,0,0.0289902,0.0096634,0.0289902,0.0096634,0.0289902,0.0096634,0.0289902,0.0096634
36,487.569,0.64233,0.44013,0.2473,0.00169,0.11664,0.97474,0.95294,0.97547,0.81834,0.98106,0.95911,0.98114,0.81381,0.73809,0.816,0.30533,0.00353,0,0.0289605,0.0096535,0.0289605,0.0096535,0.0289605,0.0096535,0.0289605,0.0096535
37,500.625,0.63582,0.44476,0.23815,0.00167,0.12543,0.93392,0.97531,0.98872,0.84887,0.95066,0.95679,0.98534,0.85603,0.61735,0.74963,0.25451,0.00289,0,0.0289308,0.0096436,0.0289308,0.0096436,0.0289308,0.0096436,0.0289308,0.0096436
38,513.834,0.64595,0.44845,0.2412,0.00171,0.13448,0.80772,0.8642,0.8768,0.7651,0.80772,0.8642,0.8768,0.76001,0.6952,0.88406,0.97593,0.00339,0,0.0289011,0.0096337,0.0289011,0.0096337,0.0289011,0.0096337,0.0289011,0.0096337
39,526.903,0.6327,0.43411,0.23622,0.0017,0.12917,0.90081,0.87654,0.9432,0.80849,0.89791,0.89198,0.9469,0.81672,0.65428,0.76823,0.70275,0.00307,0,0.0288714,0.0096238,0.0288714,0.0096238,0.0288714,0.0096238,0.0288714,0.0096238
40,540.013,0.63774,0.47199,0.24647,0.00167,0.12873,0.85705,0.92524,0.94783,0.8007,0.85705,0.92524,0.94783,0.79198,0.62111,0.80502,0.69613,0.00289,0,0.0288417,0.0096139,0.0288417,0.0096139,0.0288417,0.0096139,0.0288417,0.0096139
41,553.483,0.67575,0.45352,0.25353,0.00173,0.12507,0.90754,0.91975,0.95822,0.83262,0.91686,0.92901,0.97207,0.82873,0.6636,0.72146,0.60675,0.00316,0,0.028812,0.009604,0.028812,0.009604,0.028812,0.009604,0.028812,0.009604
42,566.544,0.62361,0.44133,0.22905,0.00162,0.12089,0.80831,0.96296,0.94942,0.80149,0.80572,0.95988,0.94777,0.80004,0.71767,0.76882,0.8272,0.00347,0,0.0287823,0.0095941,0.0287823,0.0095941,0.0287823,0.0095941,0.0287823,0.0095941
43,580.033,0.64407,0.43911,0.25086,0.00168,0.1273,0.92234,0.95679,0.95407,0.77286,0.92604,0.96606,0.96429,0.83343,0.73831,0.7332,0.43949,0.00355,0,0.0287526,0.0095842,0.0287526,0.0095842,0.0287526,0.0095842,0.0287526,0.0095842
44,592.591,0.65677,0.45587,0.24717,0.00172,0.11933,0.78396,0.87654,0.9194,0.80198,0.78396,0.87654,0.9194,0.77703,0.66637,0.7825,0.77025,0.00311,0,0.0287229,0.0095743,0.0287229,0.0095743,0.0287229,0.0095743,0.0287229,0.0095743
45,605.031,0.6279,0.44015,0.23861,0.00162,0.12435,0.97047,0.97222,0.98453,0.83404,0.97047,0.97222,0.98453,0.83018,0.66393,0.73827,0.35704,0.00318,0,0.0286932,0.0095644,0.0286932,0.0095644,0.0286932,0.0095644,0.0286932,0.0095644
46,617.655,0.65211,0.44154,0.23915,0.00175,0.1156,0.96113,0.91577,0.98059,0.8437,0.96113,0.91577,0.98059,0.8515,0.6268,0.72396,0.35379,0.00297,0,0.0286635,0.0095545,0.0286635,0.0095545,0.0286635,0.0095545,0.0286635,0.0095545
47,631.831,0.64443,0.44257,0.22848,0.00167,0.11836,0.99367,0.96913,0.98127,0.81134,1,0.9753,0.99087,0.82849,0.62835,0.73556,0.41803,0.00295,0,0.0286338,0.0095446,0.0286338,0.0095446,0.0286338,0.0095446,0.0286338,0.0095446
48,647.23,0.63076,0.43079,0.2347,0.00163,0.11152,0.91108,0.96296,0.97149,0.80875,0.91108,0.96296,0.97149,0.84236,0.61845,0.67962,0.48248,0.00284,0,0.0286041,0.0095347,0.0286041,0.0095347,0.0286041,0.0095347,0.0286041,0.0095347
49,660.709,0.61068,0.42652,0.22256,0.00161,0.10041,0.86718,0.94136,0.94656,0.83534,0.8642,0.93827,0.94458,0.82517,0.57624,0.65322,0.61836,0.00274,0,0.0285744,0.0095248,0.0285744,0.0095248,0.0285744,0.0095248,0.0285744,0.0095248
50,674.182,0.62119,0.45352,0.23013,0.00161,0.11888,0.90628,0.96605,0.97447,0.84556,0.90628,0.96605,0.97447,0.80697,0.54768,0.80164,0.55484,0.0026,0,0.0285447,0.0095149,0.0285447,0.0095149,0.0285447,0.0095149,0.0285447,0.0095149
51,686.742,0.62733,0.43269,0.23189,0.00161,0.1054,0.90945,0.96093,0.97824,0.86549,0.91237,0.96402,0.98159,0.86363,0.62972,0.8542,0.42548,0.00296,0,0.028515,0.009505,0.028515,0.009505,0.028515,0.009505,0.028515,0.009505
52,699.361,0.61424,0.43886,0.23596,0.00168,0.11097,0.96398,0.91975,0.95419,0.81628,0.97705,0.9321,0.96834,0.83024,0.68324,0.75265,0.42876,0.00331,0,0.0284853,0.0094951,0.0284853,0.0094951,0.0284853,0.0094951,0.0284853,0.0094951
53,712.313,0.61382,0.41885,0.23549,0.00162,0.11023,0.90804,0.9784,0.98121,0.85609,0.91091,0.98148,0.9832,0.87481,0.62296,0.68559,0.44817,0.00289,0,0.0284556,0.0094852,0.0284556,0.0094852,0.0284556,0.0094852,0.0284556,0.0094852
54,724.97,0.61432,0.42033,0.22469,0.00162,0.11325,0.99643,0.86237,0.94037,0.81476,0.99643,0.86237,0.94037,0.80265,0.75843,0.76984,0.58429,0.00358,0,0.0284259,0.0094753,0.0284259,0.0094753,0.0284259,0.0094753,0.0284259,0.0094753
55,738.487,0.62251,0.43933,0.22737,0.00164,0.12163,0.89388,0.95062,0.95005,0.80981,0.89679,0.9537,0.95435,0.78593,0.64019,0.87047,0.59235,0.00315,0,0.0283962,0.0094654,0.0283962,0.0094654,0.0283962,0.0094654,0.0283962,0.0094654
56,751.7,0.62466,0.40684,0.2363,0.00161,0.11285,0.99118,0.91667,0.96579,0.8464,0.99118,0.91667,0.96579,0.84433,0.58514,0.81061,0.36866,0.00273,0,0.0283665,0.0094555,0.0283665,0.0094555,0.0283665,0.0094555,0.0283665,0.0094555
57,764.739,0.59862,0.44487,0.21686,0.00152,0.10883,0.87595,0.98075,0.97702,0.84084,0.87595,0.98075,0.97702,0.84269,0.6155,1.01861,0.50451,0.00285,0,0.0283368,0.0094456,0.0283368,0.0094456,0.0283368,0.0094456,0.0283368,0.0094456
58,777.942,0.59386,0.4315,0.21153,0.00152,0.11812,0.91133,0.9784,0.96558,0.8119,0.91133,0.9784,0.96558,0.79417,0.63534,0.70558,0.59513,0.00299,0,0.0283071,0.0094357,0.0283071,0.0094357,0.0283071,0.0094357,0.0283071,0.0094357
59,791.029,0.62211,0.42227,0.24579,0.00162,0.12798,0.91351,0.97791,0.98218,0.85818,0.91062,0.97483,0.98028,0.82009,0.5561,0.71914,0.5016,0.00258,0,0.0282774,0.0094258,0.0282774,0.0094258,0.0282774,0.0094258,0.0282774,0.0094258
60,804.316,0.62113,0.42314,0.22764,0.00161,0.09818,0.92652,0.93396,0.96659,0.81585,0.93264,0.94013,0.97375,0.81819,0.6684,0.7497,0.41062,0.00312,0,0.0282477,0.0094159,0.0282477,0.0094159,0.0282477,0.0094159,0.0282477,0.0094159
61,817.957,0.59577,0.40753,0.23316,0.00152,0.11135,0.95672,0.95514,0.97262,0.8564,0.9629,0.96131,0.98345,0.83448,0.56272,0.71921,0.3843,0.00265,0,0.028218,0.009406,0.028218,0.009406,0.028218,0.009406,0.028218,0.009406
62,831.423,0.61906,0.40554,0.22913,0.00163,0.1018,0.93267,0.9406,0.98065,0.86031,0.93573,0.94369,0.98225,0.84249,0.58738,0.72764,0.45946,0.00274,0,0.0281883,0.0093961,0.0281883,0.0093961,0.0281883,0.0093961,0.0281883,0.0093961
63,844.647,0.61983,0.42592,0.2223,0.00162,0.10142,0.90567,0.97785,0.92539,0.80921,0.90567,0.97785,0.92539,0.81064,0.59335,0.69641,0.55015,0.0028,0,0.0281586,0.0093862,0.0281586,0.0093862,0.0281586,0.0093862,0.0281586,0.0093862
64,857.672,0.58116,0.41443,0.21993,0.0015,0.10148,0.90822,0.9774,0.95916,0.83325,0.90536,0.97431,0.95661,0.81993,0.62614,0.76264,0.58195,0.00293,0,0.0281289,0.0093763,0.0281289,0.0093763,0.0281289,0.0093763,0.0281289,0.0093763
65,870.772,0.60757,0.42478,0.22547,0.00158,0.10616,0.90515,0.95988,0.9736,0.83567,0.90806,0.96296,0.97471,0.84412,0.63188,0.86618,0.55941,0.00291,0,0.0280992,0.0093664,0.0280992,0.0093664,0.0280992,0.0093664,0.0280992,0.0093664
66,883.953,0.59917,0.41424,0.22909,0.00152,0.10804,0.97829,0.9321,0.9867,0.86758,0.97829,0.9321,0.98529,0.85568,0.65082,0.88494,0.4382,0.00308,0,0.0280695,0.0093565,0.0280695,0.0093565,0.0280695,0.0093565,0.0280695,0.0093565
67,897.662,0.61522,0.42426,0.22593,0.00156,0.10407,0.99739,0.93519,0.98553,0.85943,0.99739,0.93519,0.98553,0.86176,0.60529,0.71913,0.38551,0.00286,0,0.0280398,0.0093466,0.0280398,0.0093466,0.0280398,0.0093466,0.0280398,0.0093466
68,911.616,0.62749,0.42065,0.2233,0.00159,0.10549,0.91521,0.96914,0.97532,0.82362,0.92103,0.97531,0.98157,0.84343,0.74922,0.72375,0.52602,0.00367,0,0.0280101,0.0093367,0.0280101,0.0093367,0.0280101,0.0093367,0.0280101,0.0093367
69,925.492,0.58469,0.41361,0.22037,0.00156,0.10666,0.97798,0.95976,0.97832,0.85147,0.98742,0.9688,0.98797,0.84104,0.60604,0.70596,0.4497,0.00289,0,0.0279804,0.0093268,0.0279804,0.0093268,0.0279804,0.0093268,0.0279804,0.0093268
70,938.768,0.5661,0.39264,0.22159,0.00149,0.10338,0.98899,0.94444,0.98462,0.84161,0.99233,0.94753,0.98653,0.83244,0.59193,0.69043,0.46514,0.00279,0,0.0279507,0.0093169,0.0279507,0.0093169,0.0279507,0.0093169,0.0279507,0.0093169
71,952.393,0.56625,0.418,0.21202,0.00147,0.10501,0.91674,0.96605,0.97997,0.86962,0.91674,0.96605,0.97997,0.8369,0.52885,0.68511,0.47478,0.00246,0,0.027921,0.009307,0.027921,0.009307,0.027921,0.009307,0.027921,0.009307
72,965.467,0.58461,0.42193,0.22048,0.0015,0.1,0.90794,0.98148,0.97639,0.85884,0.90794,0.98148,0.97639,0.82974,0.58106,0.78683,0.39689,0.00269,0,0.0278913,0.0092971,0.0278913,0.0092971,0.0278913,0.0092971,0.0278913,0.0092971
73,978.594,0.58108,0.41235,0.20655,0.00152,0.1111,0.85376,0.97299,0.96059,0.8493,0.85376,0.97299,0.96059,0.8271,0.50882,0.77908,0.59487,0.00234,0,0.0278616,0.0092872,0.0278616,0.0092872,0.0278616,0.0092872,0.0278616,0.0092872
74,991.861,0.6146,0.39335,0.23023,0.00156,0.12076,0.89642,0.96155,0.97104,0.83093,0.89642,0.96155,0.97104,0.82485,0.5855,0.72878,0.50741,0.00267,0,0.0278319,0.0092773,0.0278319,0.0092773,0.0278319,0.0092773,0.0278319,0.0092773
75,1005.2,0.59764,0.39906,0.22284,0.00156,0.09692,0.97774,0.94911,0.98474,0.86146,0.98092,0.9522,0.98671,0.85861,0.60876,0.72092,0.27699,0.0029,0,0.0278022,0.0092674,0.0278022,0.0092674,0.0278022,0.0092674,0.0278022,0.0092674
76,1018.41,0.5693,0.3954,0.22818,0.00146,0.10366,0.82133,0.96605,0.95842,0.84675,0.82133,0.96605,0.95842,0.81631,0.55516,0.69542,0.65635,0.0026,0,0.0277725,0.0092575,0.0277725,0.0092575,0.0277725,0.0092575,0.0277725,0.0092575
77,1031.61,0.57825,0.41034,0.21472,0.00145,0.10551,0.90811,0.90741,0.97586,0.85615,0.90811,0.90741,0.97586,0.82491,0.54353,0.7807,0.61495,0.00254,0,0.0277428,0.0092476,0.0277428,0.0092476,0.0277428,0.0092476,0.0277428,0.0092476
78,1044.74,0.60595,0.42531,0.2243,0.00157,0.12412,0.99617,0.96296,0.98403,0.86328,0.99617,0.96296,0.98403,0.8401,0.58381,0.66106,0.2698,0.00276,0,0.0277131,0.0092377,0.0277131,0.0092377,0.0277131,0.0092377,0.0277131,0.0092377
79,1058.31,0.59218,0.40162,0.22251,0.00154,0.10285,0.9773,0.92998,0.97751,0.83814,0.9773,0.92998,0.97751,0.85496,0.60532,0.73862,0.4336,0.00286,0,0.0276834,0.0092278,0.0276834,0.0092278,0.0276834,0.0092278,0.0276834,0.0092278
80,1071.37,0.61321,0.40838,0.22542,0.00155,0.104,0.91663,0.96914,0.97603,0.84516,0.91663,0.96914,0.97603,0.84444,0.61472,0.72041,0.56593,0.00292,0,0.0276537,0.0092179,0.0276537,0.0092179,0.0276537,0.0092179,0.0276537,0.0092179
81,1084.45,0.58798,0.40395,0.22109,0.00151,0.1038,0.93767,0.97502,0.9816,0.8435,0.93767,0.97502,0.9816,0.83508,0.58505,0.81038,0.39154,0.00269,0,0.027624,0.009208,0.027624,0.009208,0.027624,0.009208,0.027624,0.009208
82,1097.84,0.60773,0.38957,0.21263,0.00153,0.1063,0.97778,0.95076,0.98336,0.86865,0.98096,0.95385,0.98543,0.85376,0.58947,0.75713,0.28765,0.00279,0,0.0275943,0.0091981,0.0275943,0.0091981,0.0275943,0.0091981,0.0275943,0.0091981
83,1110.88,0.58977,0.39674,0.21005,0.0015,0.10269,0.9378,0.97717,0.984,0.85073,0.94076,0.98025,0.9875,0.83671,0.60628,0.76867,0.29946,0.00282,0,0.0275646,0.0091882,0.0275646,0.0091882,0.0275646,0.0091882,0.0275646,0.0091882
84,1124.89,0.57381,0.39382,0.21565,0.00148,0.10375,0.91583,0.97383,0.98107,0.84163,0.91583,0.97383,0.98107,0.82713,0.56615,0.67707,0.52456,0.00261,0,0.0275349,0.0091783,0.0275349,0.0091783,0.0275349,0.0091783,0.0275349,0.0091783
85,1138.01,0.58523,0.39539,0.21704,0.00153,0.10355,0.9027,0.97359,0.98166,0.83186,0.90556,0.97667,0.98553,0.84213,0.65333,0.7156,0.46185,0.00305,0,0.0275052,0.0091684,0.0275052,0.0091684,0.0275052,0.0091684,0.0275052,0.0091684
86,1151.35,0.59315,0.38034,0.2106,0.00153,0.10066,0.90638,0.96296,0.97839,0.85989,0.90929,0.96605,0.98187,0.8598,0.55017,0.69467,0.41338,0.00259,0,0.0274755,0.0091585,0.0274755,0.0091585,0.0274755,0.0091585,0.0274755,0.0091585
87,1164.51,0.58356,0.40296,0.20189,0.00151,0.09258,0.90099,0.95988,0.97638,0.8497,0.89809,0.95679,0.97144,0.86074,0.55264,0.75114,0.43599,0.00257,0,0.0274458,0.0091486,0.0274458,0.0091486,0.0274458,0.0091486,0.0274458,0.0091486
88,1178.48,0.57512,0.37303,0.2024,0.0015,0.09633,0.9442,0.96296,0.98449,0.86074,0.9442,0.96296,0.98449,0.8551,0.53017,0.79876,0.29285,0.00245,0,0.0274161,0.0091387,0.0274161,0.0091387,0.0274161,0.0091387,0.0274161,0.0091387
89,1191.89,0.55344,0.40652,0.20904,0.0014,0.10939,0.98315,0.90063,0.98248,0.88608,0.98315,0.90063,0.98248,0.85476,0.53036,0.7246,0.31188,0.00249,0,0.0273864,0.0091288,0.0273864,0.0091288,0.0273864,0.0091288,0.0273864,0.0091288
90,1205.11,0.5629,0.40906,0.21924,0.00147,0.1219,0.9936,0.95766,0.9897,0.85375,0.9936,0.95766,0.98854,0.8531,0.59203,0.68839,0.30304,0.00271,0,0.0273567,0.0091189,0.0273567,0.0091189,0.0273567,0.0091189,0.0273567,0.0091189
91,1218.35,0.57111,0.41247,0.21224,0.00147,0.10266,0.98708,0.94286,0.98559,0.8719,0.98708,0.94286,0.98475,0.84978,0.54404,0.76232,0.253,0.00255,0,0.027327,0.009109,0.027327,0.009109,0.027327,0.009109,0.027327,0.009109
92,1231.84,0.58456,0.38337,0.21142,0.00148,0.09852,0.98466,0.96296,0.98499,0.87267,0.98466,0.96296,0.98499,0.85409,0.54637,0.67621,0.24791,0.0026,0,0.0272973,0.0090991,0.0272973,0.0090991,0.0272973,0.0090991,0.0272973,0.0090991
93,1245.2,0.58039,0.37534,0.20477,0.0015,0.10069,0.97943,0.96914,0.98894,0.85056,0.97631,0.96605,0.98454,0.83834,0.58395,0.71103,0.25753,0.00273,0,0.0272676,0.0090892,0.0272676,0.0090892,0.0272676,0.0090892,0.0272676,0.0090892
94,1258.47,0.59754,0.38088,0.21301,0.0015,0.09684,0.99951,0.92284,0.98689,0.8708,0.99951,0.92284,0.98689,0.84932,0.52336,0.71344,0.39383,0.00244,0,0.0272379,0.0090793,0.0272379,0.0090793,0.0272379,0.0090793,0.0272379,0.0090793
95,1271.7,0.57705,0.39366,0.21316,0.0015,0.10459,0.9088,0.96296,0.97806,0.8489,0.90589,0.95988,0.97606,0.83942,0.59115,0.77486,0.43302,0.00274,0,0.0272082,0.0090694,0.0272082,0.0090694,0.0272082,0.0090694,0.0272082,0.0090694
96,1285.06,0.56865,0.36852,0.21005,0.00147,0.09519,0.98708,0.9435,0.98256,0.85228,0.98708,0.9435,0.98256,0.85575,0.60485,0.75374,0.36099,0.00278,0,0.0271785,0.0090595,0.0271785,0.0090595,0.0271785,0.0090595,0.0271785,0.0090595
97,1298.45,0.57603,0.39653,0.2033,0.00146,0.09353,0.99367,0.96827,0.98857,0.85554,0.99367,0.96827,0.98857,0.85038,0.6182,0.7561,0.23621,0.0029,0,0.0271488,0.0090496,0.0271488,0.0090496,0.0271488,0.0090496,0.0271488,0.0090496
98,1312.09,0.58345,0.40107,0.22357,0.00149,0.10508,0.88789,0.97777,0.97735,0.86045,0.88789,0.97777,0.97735,0.84765,0.57318,0.8073,0.47358,0.00269,0,0.0271191,0.0090397,0.0271191,0.0090397,0.0271191,0.0090397,0.0271191,0.0090397
99,1325.28,0.57696,0.39632,0.20482,0.00148,0.10017,0.95898,0.93794,0.98492,0.84795,0.95898,0.93794,0.98492,0.83323,0.59466,0.66406,0.31455,0.00274,0,0.0270894,0.0090298,0.0270894,0.0090298,0.0270894,0.0090298,0.0270894,0.0090298
100,1338.69,0.58876,0.39968,0.21792,0.00148,0.09559,0.90247,0.95988,0.97107,0.84211,0.90247,0.95988,0.97107,0.83158,0.5573,0.73349,0.56107,0.00261,0,0.0270597,0.0090199,0.0270597,0.0090199,0.0270597,0.0090199,0.0270597,0.0090199
101,1351.95,0.57649,0.38676,0.2187,0.00144,0.09863,0.90659,0.97531,0.97679,0.87262,0.90623,0.9784,0.97746,0.84,0.53022,0.75316,0.50124,0.00254,0,0.02703,0.00901,0.02703,0.00901,0.02703,0.00901,0.02703,0.00901
102,1365.16,0.58334,0.38187,0.21189,0.00148,0.09285,0.91325,0.97477,0.96796,0.82938,0.91325,0.97477,0.96796,0.81868,0.66263,0.6946,0.5269,0.00318,0,0.0270003,0.0090001,0.0270003,0.0090001,0.0270003,0.0090001,0.0270003,0.0090001
103,1378.95,0.56633,0.37428,0.21112,0.00146,0.11162,0.89466,0.96986,0.95954,0.85507,0.90035,0.97604,0.96674,0.83204,0.56012,0.79981,0.53599,0.0026,0,0.0269706,0.0089902,0.0269706,0.0089902,0.0269706,0.0089902,0.0269706,0.0089902
104,1392.14,0.59801,0.37348,0.21054,0.00153,0.09362,0.97257,0.9321,0.98608,0.87078,0.92438,0.98098,0.98766,0.85392,0.55075,0.70163,0.41496,0.00259,0,0.0269409,0.0089803,0.0269409,0.0089803,0.0269409,0.0089803,0.0269409,0.0089803
105,1405.58,0.57444,0.38112,0.20805,0.00152,0.09225,0.94389,0.93451,0.98269,0.88372,0.94389,0.93451,0.98269,0.84818,0.51928,0.7754,0.37611,0.00243,0,0.0269112,0.0089704,0.0269112,0.0089704,0.0269112,0.0089704,0.0269112,0.0089704
106,1418.85,0.55819,0.36434,0.19575,0.00141,0.08654,0.97115,0.9351,0.97882,0.87762,0.97115,0.9351,0.97874,0.84338,0.51598,0.76844,0.29023,0.00242,0,0.0268815,0.0089605,0.0268815,0.0089605,0.0268815,0.0089605,0.0268815,0.0089605
107,1432.13,0.55973,0.37576,0.2027,0.00143,0.08535,0.97288,0.96605,0.9878,0.87115,0.97288,0.96605,0.9878,0.84348,0.53948,0.76243,0.29838,0.00254,0,0.0268518,0.0089506,0.0268518,0.0089506,0.0268518,0.0089506,0.0268518,0.0089506
108,1445.58,0.54922,0.3887,0.20048,0.00141,0.08613,0.98976,0.96914,0.97647,0.8482,0.98661,0.96605,0.97519,0.83686,0.58516,0.75987,0.24931,0.00271,0,0.0268221,0.0089407,0.0268221,0.0089407,0.0268221,0.0089407,0.0268221,0.0089407
109,1458.82,0.57295,0.37238,0.20572,0.00147,0.10443,0.9905,0.96605,0.97652,0.82937,0.9905,0.96605,0.97652,0.81793,0.63327,0.70797,0.24963,0.00296,0,0.0267924,0.0089308,0.0267924,0.0089308,0.0267924,0.0089308,0.0267924,0.0089308
110,1472.16,0.55848,0.39689,0.211,0.00148,0.09074,0.99479,0.98148,0.992,0.8715,0.99479,0.98148,0.992,0.84673,0.53689,0.73539,0.181,0.00248,0,0.0267627,0.0089209,0.0267627,0.0089209,0.0267627,0.0089209,0.0267627,0.0089209
111,1485.35,0.5757,0.38418,0.19962,0.00146,0.09414,0.99286,0.98148,0.99334,0.85222,0.99286,0.98148,0.99334,0.8366,0.57477,0.6732,0.20309,0.0027,0,0.026733,0.008911,0.026733,0.008911,0.026733,0.008911,0.026733,0.008911
112,1498.58,0.5602,0.37561,0.19752,0.00143,0.09422,0.99577,0.9784,0.99324,0.86859,0.99577,0.9784,0.99324,0.84551,0.56112,0.77045,0.20633,0.00256,0,0.0267033,0.0089011,0.0267033,0.0089011,0.0267033,0.0089011,0.0267033,0.0089011
113,1512.03,0.57809,0.38932,0.21153,0.00147,0.0991,0.98749,0.9745,0.98902,0.86876,0.99062,0.97759,0.99141,0.8521,0.56261,0.75112,0.22984,0.00265,0,0.0266736,0.0088912,0.0266736,0.0088912,0.0266736,0.0088912,0.0266736,0.0088912
114,1525.24,0.54525,0.37836,0.20411,0.00144,0.0948,0.99329,0.97222,0.9904,0.88072,0.99014,0.96914,0.98781,0.85353,0.55126,0.77233,0.2241,0.00256,0,0.0266439,0.0088813,0.0266439,0.0088813,0.0266439,0.0088813,0.0266439,0.0088813
115,1538.65,0.56061,0.39031,0.19901,0.00143,0.08877,0.99337,0.9784,0.98864,0.88284,0.99651,0.98148,0.99073,0.8624,0.58858,0.69486,0.20712,0.00281,0,0.0266142,0.0088714,0.0266142,0.0088714,0.0266142,0.0088714,0.0266142,0.0088714
116,1551.86,0.55438,0.3526,0.20831,0.00141,0.08704,0.91597,0.96914,0.98162,0.86188,0.91597,0.96914,0.98162,0.84183,0.566,0.69332,0.47089,0.00265,0,0.0265845,0.0088615,0.0265845,0.0088615,0.0265845,0.0088615,0.0265845,0.0088615
117,1565.1,0.54509,0.36742,0.20163,0.00144,0.08922,0.91775,0.96432,0.98035,0.85855,0.91775,0.96432,0.98035,0.8482,0.55838,0.77931,0.53003,0.00256,0,0.0265548,0.0088516,0.0265548,0.0088516,0.0265548,0.0088516,0.0265548,0.0088516
118,1578.56,0.55481,0.37385,0.20146,0.00145,0.08993,0.89281,0.9784,0.98203,0.87657,0.89562,0.98148,0.98326,0.86085,0.52586,0.70071,0.53186,0.00246,0,0.0265251,0.0088417,0.0265251,0.0088417,0.0265251,0.0088417,0.0265251,0.0088417
119,1591.82,0.54928,0.37259,0.20526,0.00145,0.09011,0.97449,0.94336,0.98169,0.8593,0.97449,0.94336,0.98395,0.83968,0.62976,0.70329,0.37116,0.00298,0,0.0264954,0.0088318,0.0264954,0.0088318,0.0264954,0.0088318,0.0264954,0.0088318
120,1605.32,0.53243,0.38316,0.21301,0.00137,0.0966,0.94876,0.97145,0.98481,0.86887,0.94876,0.97145,0.98481,0.84159,0.52746,0.73402,0.23827,0.00244,0,0.0264657,0.0088219,0.0264657,0.0088219,0.0264657,0.0088219,0.0264657,0.0088219
121,1618.55,0.53398,0.38161,0.20835,0.00135,0.0956,0.92914,0.97122,0.98214,0.85031,0.92914,0.97122,0.98214,0.83749,0.61447,0.78077,0.34201,0.00285,0,0.026436,0.008812,0.026436,0.008812,0.026436,0.008812,0.026436,0.008812
122,1631.78,0.54153,0.37526,0.20376,0.00137,0.09347,0.94305,0.97109,0.98077,0.85913,0.94905,0.97726,0.98613,0.85242,0.58095,0.7702,0.2725,0.00271,0,0.0264063,0.0088021,0.0264063,0.0088021,0.0264063,0.0088021,0.0264063,0.0088021
123,1645.11,0.53788,0.37599,0.19376,0.0014,0.08747,0.96305,0.96537,0.99031,0.87436,0.96305,0.96537,0.99031,0.84654,0.5398,0.78809,0.22219,0.00253,0,0.0263766,0.0087922,0.0263766,0.0087922,0.0263766,0.0087922,0.0263766,0.0087922
124,1658.33,0.50687,0.38249,0.19875,0.00131,0.10113,0.95646,0.96914,0.98653,0.84835,0.95646,0.96914,0.98653,0.82736,0.61848,0.71665,0.25364,0.00291,0,0.0263469,0.0087823,0.0263469,0.0087823,0.0263469,0.0087823,0.0263469,0.0087823
125,1671.82,0.55563,0.39605,0.20893,0.00138,0.09976,0.93426,0.95988,0.97236,0.84387,0.93426,0.95988,0.97236,0.8307,0.5672,0.69718,0.31228,0.00259,0,0.0263172,0.0087724,0.0263172,0.0087724,0.0263172,0.0087724,0.0263172,0.0087724
126,1685.07,0.53832,0.3769,0.2066,0.00139,0.08933,0.95249,0.9784,0.98072,0.86123,0.95249,0.9784,0.98072,0.85368,0.5604,0.73843,0.23623,0.00262,0,0.0262875,0.0087625,0.0262875,0.0087625,0.0262875,0.0087625,0.0262875,0.0087625
127,1698.3,0.52746,0.38284,0.20593,0.00136,0.09254,0.91129,0.96605,0.97463,0.86857,0.91129,0.96605,0.97244,0.85064,0.54447,0.70038,0.53478,0.00257,0,0.0262578,0.0087526,0.0262578,0.0087526,0.0262578,0.0087526,0.0262578,0.0087526
128,1711.63,0.53221,0.37703,0.19676,0.0014,0.10014,0.96193,0.95988,0.98735,0.88217,0.96193,0.95988,0.98735,0.86601,0.52225,0.68742,0.34178,0.00246,0,0.0262281,0.0087427,0.0262281,0.0087427,0.0262281,0.0087427,0.0262281,0.0087427
129,1725.22,0.54408,0.37695,0.1988,0.00136,0.08875,0.975,0.96914,0.98371,0.87101,0.975,0.96914,0.98371,0.84458,0.54425,0.77307,0.25132,0.00261,0,0.0261984,0.0087328,0.0261984,0.0087328,0.0261984,0.0087328,0.0261984,0.0087328
130,1738.35,0.54584,0.37179,0.20315,0.00141,0.0886,0.94794,0.95533,0.9818,0.86726,0.94794,0.95533,0.9818,0.84517,0.5598,0.7421,0.27616,0.00262,0,0.0261687,0.0087229,0.0261687,0.0087229,0.0261687,0.0087229,0.0261687,0.0087229
131,1751.45,0.53286,0.35787,0.20213,0.00134,0.08009,0.99117,0.95988,0.98806,0.89008,0.98798,0.95679,0.98674,0.86019,0.51235,0.70567,0.21222,0.00238,0,0.026139,0.008713,0.026139,0.008713,0.026139,0.008713,0.026139,0.008713
132,1764.91,0.51789,0.35639,0.19878,0.00135,0.08247,0.99648,0.91667,0.98323,0.88016,0.99648,0.91667,0.98323,0.84924,0.50033,0.71871,0.25389,0.00236,0,0.0261093,0.0087031,0.0261093,0.0087031,0.0261093,0.0087031,0.0261093,0.0087031
133,1778.14,0.50562,0.35396,0.19468,0.0013,0.09002,0.94538,0.93519,0.9766,0.87546,0.94538,0.93519,0.97769,0.85931,0.49245,0.64569,0.38162,0.00234,0,0.0260796,0.0086932,0.0260796,0.0086932,0.0260796,0.0086932,0.0260796,0.0086932
134,1791.54,0.52572,0.38121,0.20049,0.00133,0.0903,0.98309,0.89736,0.9765,0.85623,0.98309,0.89736,0.9765,0.85853,0.55299,0.71204,0.33245,0.0026,0,0.0260499,0.0086833,0.0260499,0.0086833,0.0260499,0.0086833,0.0260499,0.0086833
135,1805.56,0.4882,0.35665,0.20251,0.00129,0.08968,0.90308,0.97783,0.98093,0.86803,0.90308,0.97783,0.98093,0.86743,0.55434,0.67412,0.53325,0.00261,0,0.0260202,0.0086734,0.0260202,0.0086734,0.0260202,0.0086734,0.0260202,0.0086734
136,1819.7,0.50509,0.36846,0.20756,0.0013,0.09796,0.99122,0.93519,0.96551,0.8391,0.99449,0.93827,0.96846,0.83176,0.60615,0.6339,0.34961,0.0029,0,0.0259905,0.0086635,0.0259905,0.0086635,0.0259905,0.0086635,0.0259905,0.0086635
137,1834.13,0.51058,0.38096,0.19401,0.00131,0.09729,0.9756,0.95679,0.98339,0.87527,0.9756,0.95679,0.98339,0.85048,0.53981,0.65993,0.24674,0.00252,0,0.0259608,0.0086536,0.0259608,0.0086536,0.0259608,0.0086536,0.0259608,0.0086536
138,1848.08,0.53436,0.37402,0.20115,0.00134,0.09186,0.98688,0.96296,0.9789,0.8611,0.99004,0.96605,0.98339,0.8517,0.59389,0.69339,0.27362,0.00283,0,0.0259311,0.0086437,0.0259311,0.0086437,0.0259311,0.0086437,0.0259311,0.0086437
139,1861.69,0.53618,0.36761,0.19269,0.0014,0.08356,0.98982,0.96605,0.97909,0.86286,0.99299,0.96914,0.98088,0.85335,0.57511,0.6649,0.21373,0.00272,0,0.0259014,0.0086338,0.0259014,0.0086338,0.0259014,0.0086338,0.0259014,0.0086338
140,1875.41,0.52784,0.36356,0.18794,0.00135,0.0875,1,0.97529,0.98927,0.87733,1,0.97529,0.98927,0.8333,0.50283,0.70674,0.20257,0.00234,0,0.0258717,0.0086239,0.0258717,0.0086239,0.0258717,0.0086239,0.0258717,0.0086239
141,1889.02,0.52071,0.35922,0.1852,0.00135,0.09106,0.96552,0.95072,0.98471,0.87929,0.95925,0.94454,0.98032,0.86058,0.52252,0.6879,0.24196,0.0025,0,0.025842,0.008614,0.025842,0.008614,0.025842,0.008614,0.025842,0.008614
142,1902.56,0.5045,0.36115,0.19111,0.00131,0.086,0.91359,0.98457,0.98369,0.85159,0.91359,0.98457,0.98251,0.85335,0.54923,0.73085,0.4591,0.0026,0,0.0258123,0.0086041,0.0258123,0.0086041,0.0258123,0.0086041,0.0258123,0.0086041
143,1916.42,0.49639,0.3722,0.19674,0.00127,0.08476,0.90827,0.97796,0.98021,0.8638,0.91114,0.98104,0.98173,0.8566,0.54035,0.72442,0.4339,0.00255,0,0.0257826,0.0085942,0.0257826,0.0085942,0.0257826,0.0085942,0.0257826,0.0085942
144,1930.02,0.50246,0.34886,0.18961,0.0013,0.08967,0.93349,0.96914,0.98756,0.87808,0.9383,0.97531,0.99305,0.86703,0.54096,0.66359,0.4032,0.00256,0,0.0257529,0.0085843,0.0257529,0.0085843,0.0257529,0.0085843,0.0257529,0.0085843
145,1943.88,0.50779,0.36827,0.1914,0.0013,0.07753,0.96738,0.94136,0.98635,0.88484,0.96965,0.94444,0.98834,0.8846,0.54305,0.7537,0.4169,0.00259,0,0.0257232,0.0085744,0.0257232,0.0085744,0.0257232,0.0085744,0.0257232,0.0085744
146,1957.47,0.48866,0.36142,0.17997,0.00126,0.07991,0.89539,0.9784,0.98285,0.88448,0.89539,0.9784,0.98285,0.85693,0.50825,0.6993,0.439,0.00241,0,0.0256935,0.0085645,0.0256935,0.0085645,0.0256935,0.0085645,0.0256935,0.0085645
147,1971.1,0.47939,0.37323,0.18147,0.00122,0.07921,0.98023,0.94136,0.98718,0.89002,0.98023,0.94136,0.98871,0.86416,0.51055,0.64728,0.34222,0.0024,0,0.0256638,0.0085546,0.0256638,0.0085546,0.0256638,0.0085546,0.0256638,0.0085546
148,1984.97,0.48718,0.3745,0.20433,0.00125,0.08736,0.96822,0.94019,0.98484,0.87635,0.96504,0.93711,0.98262,0.85725,0.56828,0.64794,0.30869,0.00266,0,0.0256341,0.0085447,0.0256341,0.0085447,0.0256341,0.0085447,0.0256341,0.0085447
149,1998.57,0.48468,0.38126,0.18682,0.00127,0.0845,0.90796,0.96296,0.98073,0.87379,0.90796,0.96296,0.98073,0.85315,0.53318,0.68345,0.50558,0.00252,0,0.0256044,0.0085348,0.0256044,0.0085348,0.0256044,0.0085348,0.0256044,0.0085348
150,2012.68,0.49513,0.36388,0.18313,0.00126,0.09102,0.94396,0.91049,0.97175,0.8529,0.95093,0.91667,0.98194,0.85686,0.57003,0.74274,0.49607,0.0027,0,0.0255747,0.0085249,0.0255747,0.0085249,0.0255747,0.0085249,0.0255747,0.0085249
151,2026.25,0.48826,0.35902,0.18352,0.00129,0.09207,0.91077,0.97664,0.9842,0.8797,0.91358,0.9784,0.98608,0.86883,0.54112,0.72538,0.35304,0.00257,0,0.025545,0.008515,0.025545,0.008515,0.025545,0.008515,0.025545,0.008515
152,2039.83,0.48565,0.35989,0.18172,0.00123,0.08185,0.96093,0.91092,0.97888,0.85952,0.95823,0.9204,0.98068,0.8555,0.61055,0.6899,0.40975,0.00285,0,0.0255153,0.0085051,0.0255153,0.0085051,0.0255153,0.0085051,0.0255153,0.0085051
153,2053.67,0.46901,0.35512,0.18031,0.00118,0.07912,0.97259,0.92284,0.98215,0.87177,0.97259,0.92284,0.98284,0.85898,0.53785,0.70351,0.45381,0.00251,0,0.0254856,0.0084952,0.0254856,0.0084952,0.0254856,0.0084952,0.0254856,0.0084952
154,2067.3,0.47964,0.33841,0.18045,0.00123,0.07721,0.88631,0.96245,0.97579,0.8637,0.88915,0.96553,0.97914,0.86761,0.5432,0.75651,0.55655,0.00255,0,0.0254559,0.0084853,0.0254559,0.0084853,0.0254559,0.0084853,0.0254559,0.0084853
155,2080.97,0.47383,0.35651,0.19308,0.00123,0.09653,0.9346,0.91975,0.97738,0.85462,0.93773,0.92284,0.98027,0.8622,0.58977,0.74203,0.63963,0.00276,0,0.0254262,0.0084754,0.0254262,0.0084754,0.0254262,0.0084754,0.0254262,0.0084754
156,2094.6,0.48368,0.35008,0.19039,0.00127,0.07897,0.8984,0.95988,0.97442,0.85405,0.8984,0.95988,0.97598,0.8491,0.55262,0.77887,0.67641,0.00255,0,0.0253965,0.0084655,0.0253965,0.0084655,0.0253965,0.0084655,0.0253965,0.0084655
157,2108.24,0.4765,0.37347,0.1896,0.00122,0.08331,0.94418,0.88747,0.97536,0.86616,0.94746,0.89056,0.97786,0.84528,0.53078,0.74311,0.54758,0.00249,0,0.0253668,0.0084556,0.0253668,0.0084556,0.0253668,0.0084556,0.0253668,0.0084556
158,2121.96,0.4702,0.35308,0.19162,0.00123,0.09065,0.97634,0.89172,0.96869,0.84644,0.98029,0.89815,0.9753,0.83205,0.54104,0.73558,0.49213,0.00252,0,0.0253371,0.0084457,0.0253371,0.0084457,0.0253371,0.0084457,0.0253371,0.0084457
159,2135.57,0.47338,0.36257,0.18531,0.00121,0.08946,0.98736,0.92284,0.98283,0.8783,0.99066,0.92593,0.98502,0.85569,0.53273,0.70409,0.41696,0.00246,0,0.0253074,0.0084358,0.0253074,0.0084358,0.0253074,0.0084358,0.0253074,0.0084358
160,2149.17,0.4622,0.36635,0.17787,0.0012,0.09387,0.99315,0.90432,0.98287,0.88254,0.99315,0.90432,0.98287,0.86283,0.52352,0.69501,0.4379,0.00244,0,0.0252777,0.0084259,0.0252777,0.0084259,0.0252777,0.0084259,0.0252777,0.0084259
161,2162.79,0.47789,0.36564,0.18725,0.00122,0.09257,0.9863,0.94444,0.98387,0.85673,0.9863,0.94444,0.98387,0.83395,0.53839,0.76677,0.2768,0.00254,0,0.025248,0.008416,0.025248,0.008416,0.025248,0.008416,0.025248,0.008416
162,2176.43,0.46796,0.37012,0.18194,0.00121,0.088,0.97114,0.9348,0.98569,0.87954,0.97114,0.9348,0.98569,0.85665,0.50265,0.67375,0.45598,0.00235,0,0.0252183,0.0084061,0.0252183,0.0084061,0.0252183,0.0084061,0.0252183,0.0084061
163,2190.01,0.46617,0.37377,0.19203,0.0012,0.09183,0.90697,0.9784,0.97358,0.8704,0.90697,0.9784,0.97358,0.83866,0.50954,0.76636,0.56929,0.0024,0,0.0251886,0.0083962,0.0251886,0.0083962,0.0251886,0.0083962,0.0251886,0.0083962
164,2203.65,0.48986,0.36988,0.19163,0.00127,0.09405,0.90261,0.94393,0.95238,0.83051,0.9028,0.94605,0.95851,0.81993,0.55138,0.7244,0.64147,0.0026,0,0.0251589,0.0083863,0.0251589,0.0083863,0.0251589,0.0083863,0.0251589,0.0083863
165,2217.51,0.47065,0.35812,0.18109,0.00121,0.08778,0.96126,0.91901,0.95705,0.84117,0.95777,0.91975,0.96354,0.82004,0.54194,0.71381,0.61699,0.00257,0,0.0251292,0.0083764,0.0251292,0.0083764,0.0251292,0.0083764,0.0251292,0.0083764
166,2231.08,0.4605,0.36168,0.18364,0.00123,0.08269,0.9865,0.92284,0.95307,0.83146,0.9865,0.92284,0.95307,0.81952,0.5629,0.68225,0.45241,0.00266,0,0.0250995,0.0083665,0.0250995,0.0083665,0.0250995,0.0083665,0.0250995,0.0083665
167,2244.88,0.46584,0.36453,0.19087,0.00124,0.08505,0.97212,0.96296,0.98807,0.84248,0.96896,0.95988,0.98648,0.84698,0.60794,0.66056,0.30539,0.00291,0,0.0250698,0.0083566,0.0250698,0.0083566,0.0250698,0.0083566,0.0250698,0.0083566
168,2258.46,0.46999,0.35068,0.191,0.00121,0.08623,1,0.94116,0.98956,0.87108,1,0.94116,0.98956,0.8619,0.5668,0.68563,0.25443,0.00269,0,0.0250401,0.0083467,0.0250401,0.0083467,0.0250401,0.0083467,0.0250401,0.0083467
169,2272.03,0.47336,0.35003,0.1862,0.00123,0.0794,1,0.96247,0.98906,0.87761,1,0.96247,0.98906,0.86822,0.59863,0.67067,0.24697,0.00286,0,0.0250104,0.0083368,0.0250104,0.0083368,0.0250104,0.0083368,0.0250104,0.0083368
170,2285.72,0.46738,0.35196,0.18702,0.00122,0.0807,0.99267,0.97222,0.98961,0.8818,0.99582,0.97531,0.99144,0.86967,0.54445,0.683,0.24325,0.00258,0,0.0249807,0.0083269,0.0249807,0.0083269,0.0249807,0.0083269,0.0249807,0.0083269
171,2299.31,0.46204,0.34222,0.18517,0.00121,0.08585,0.98097,0.95452,0.98714,0.861,0.98414,0.95761,0.98889,0.85196,0.59813,0.72235,0.28836,0.00281,0,0.024951,0.008317,0.024951,0.008317,0.024951,0.008317,0.024951,0.008317
172,2313.06,0.48296,0.36876,0.19318,0.00124,0.08811,0.98661,0.93519,0.98183,0.87238,0.98986,0.93827,0.98649,0.85974,0.54589,0.70122,0.48669,0.00256,0,0.0249213,0.0083071,0.0249213,0.0083071,0.0249213,0.0083071,0.0249213,0.0083071
173,2326.64,0.46974,0.3541,0.18949,0.00123,0.0844,0.98889,0.97531,0.99032,0.87165,0.98889,0.97531,0.99032,0.87239,0.53802,0.72502,0.27405,0.0025,0,0.0248916,0.0082972,0.0248916,0.0082972,0.0248916,0.0082972,0.0248916,0.0082972
174,2340.53,0.46722,0.34178,0.18729,0.00124,0.08984,1,0.95018,0.98921,0.87577,1,0.95018,0.98921,0.87192,0.52895,0.6832,0.32213,0.00253,0,0.0248619,0.0082873,0.0248619,0.0082873,0.0248619,0.0082873,0.0248619,0.0082873
175,2354.11,0.46756,0.35572,0.18134,0.00121,0.08155,0.9996,0.9537,0.98796,0.86761,0.9996,0.9537,0.98796,0.85866,0.5634,0.6953,0.29116,0.00268,0,0.0248322,0.0082774,0.0248322,0.0082774,0.0248322,0.0082774,0.0248322,0.0082774
176,2367.69,0.46987,0.36243,0.18694,0.00119,0.09652,1,0.98372,0.98938,0.86906,1,0.98372,0.99049,0.86478,0.52549,0.67357,0.22498,0.00248,0,0.0248025,0.0082675,0.0248025,0.0082675,0.0248025,0.0082675,0.0248025,0.0082675
177,2381.35,0.46607,0.35222,0.17226,0.00121,0.08066,0.99858,0.9321,0.98706,0.88669,0.99858,0.9321,0.98853,0.86944,0.55998,0.71187,0.28448,0.00265,0,0.0247728,0.0082576,0.0247728,0.0082576,0.0247728,0.0082576,0.0247728,0.0082576
178,2394.96,0.44008,0.33561,0.16706,0.00113,0.08161,0.9999,0.97531,0.98649,0.86432,0.9999,0.97531,0.98692,0.84554,0.55413,0.76093,0.21725,0.0026,0,0.0247431,0.0082477,0.0247431,0.0082477,0.0247431,0.0082477,0.0247431,0.0082477
179,2408.8,0.45608,0.35404,0.1698,0.00119,0.08319,0.99361,0.95937,0.99015,0.8788,0.99361,0.95937,0.99015,0.86849,0.52922,0.72428,0.24381,0.00247,0,0.0247134,0.0082378,0.0247134,0.0082378,0.0247134,0.0082378,0.0247134,0.0082378
180,2422.41,0.46251,0.35811,0.17676,0.00119,0.08662,0.97191,0.96107,0.98941,0.87316,0.97191,0.96107,0.98941,0.86253,0.54745,0.71025,0.25581,0.00258,0,0.0246837,0.0082279,0.0246837,0.0082279,0.0246837,0.0082279,0.0246837,0.0082279
181,2436.02,0.44716,0.34414,0.17222,0.00115,0.08039,0.98393,0.94512,0.98713,0.8824,0.98073,0.94273,0.98613,0.86297,0.5229,0.80054,0.32235,0.00245,0,0.024654,0.008218,0.024654,0.008218,0.024654,0.008218,0.024654,0.008218
182,2449.85,0.45155,0.35239,0.1692,0.00115,0.0838,0.99272,0.95679,0.98971,0.89048,0.99272,0.95679,0.98971,0.86648,0.52555,0.71132,0.283,0.00246,0,0.0246243,0.0082081,0.0246243,0.0082081,0.0246243,0.0082081,0.0246243,0.0082081
183,2463.45,0.47271,0.34549,0.1711,0.0012,0.07918,0.9476,0.94883,0.98529,0.89439,0.9476,0.94883,0.98529,0.87282,0.50184,0.76285,0.34017,0.00234,0,0.0245946,0.0081982,0.0245946,0.0081982,0.0245946,0.0081982,0.0245946,0.0081982
184,2477.24,0.4679,0.36665,0.19037,0.00122,0.08804,0.99346,0.93762,0.9886,0.87661,0.99346,0.93762,0.9886,0.86346,0.53775,0.71782,0.29501,0.00247,0,0.0245649,0.0081883,0.0245649,0.0081883,0.0245649,0.0081883,0.0245649,0.0081883
185,2490.86,0.4478,0.34813,0.18087,0.00116,0.08017,0.99366,0.96675,0.98944,0.88464,0.99366,0.96675,0.98944,0.86341,0.52704,0.78392,0.2318,0.00243,0,0.0245352,0.0081784,0.0245352,0.0081784,0.0245352,0.0081784,0.0245352,0.0081784
186,2504.45,0.44932,0.33157,0.17198,0.00117,0.08383,0.99061,0.97681,0.98789,0.88651,0.99687,0.98347,0.99218,0.86796,0.51634,0.71874,0.20963,0.00239,0,0.0245055,0.0081685,0.0245055,0.0081685,0.0245055,0.0081685,0.0245055,0.0081685
187,2518.28,0.45131,0.35464,0.17234,0.00116,0.08441,0.98934,0.96605,0.9857,0.87058,0.99258,0.96914,0.98873,0.8585,0.54054,0.66578,0.24139,0.0025,0,0.0244758,0.0081586,0.0244758,0.0081586,0.0244758,0.0081586,0.0244758,0.0081586
188,2531.84,0.46124,0.35303,0.18255,0.00119,0.08478,0.99021,0.93688,0.98315,0.87161,0.99021,0.93688,0.98315,0.85445,0.5233,0.67286,0.39774,0.00241,0,0.0244461,0.0081487,0.0244461,0.0081487,0.0244461,0.0081487,0.0244461,0.0081487
189,2545.68,0.45995,0.34771,0.17957,0.00116,0.08295,1,0.96697,0.99043,0.89076,1,0.96697,0.99043,0.87872,0.52002,0.71454,0.24777,0.00241,0,0.0244164,0.0081388,0.0244164,0.0081388,0.0244164,0.0081388,0.0244164,0.0081388
190,2559.28,0.46833,0.35535,0.17691,0.00122,0.085,0.98209,0.98148,0.98723,0.86823,0.98209,0.98148,0.98723,0.87338,0.54844,0.66913,0.54218,0.00253,0,0.0243867,0.0081289,0.0243867,0.0081289,0.0243867,0.0081289,0.0243867,0.0081289
191,2572.88,0.44651,0.36316,0.17599,0.00114,0.09308,0.98987,0.95988,0.98915,0.88884,0.98987,0.95988,0.98915,0.87837,0.51336,0.72651,0.4339,0.00239,0,0.024357,0.008119,0.024357,0.008119,0.024357,0.008119,0.024357,0.008119
192,2586.95,0.44394,0.34916,0.17604,0.00115,0.08088,0.98409,0.95472,0.98829,0.88752,0.98409,0.95472,0.98829,0.87643,0.52631,0.73234,0.35198,0.00243,0,0.0243273,0.0081091,0.0243273,0.0081091,0.0243273,0.0081091,0.0243273,0.0081091
193,2600.42,0.46306,0.343,0.17743,0.0012,0.08287,0.9473,0.97531,0.98817,0.88278,0.9473,0.97531,0.98817,0.86961,0.54746,0.73656,0.44396,0.00253,0,0.0242976,0.0080992,0.0242976,0.0080992,0.0242976,0.0080992,0.0242976,0.0080992
194,2613.77,0.45248,0.34853,0.17416,0.00114,0.08195,0.97441,0.94136,0.98739,0.87002,0.97441,0.94136,0.98739,0.8632,0.52908,0.67429,0.48309,0.00247,0,0.0242679,0.0080893,0.0242679,0.0080893,0.0242679,0.0080893,0.0242679,0.0080893
195,2626.82,0.44208,0.35086,0.17466,0.00113,0.08713,0.91768,0.96338,0.98248,0.86562,0.91768,0.96338,0.98248,0.85487,0.49572,0.74954,0.56167,0.00233,0,0.0242382,0.0080794,0.0242382,0.0080794,0.0242382,0.0080794,0.0242382,0.0080794
196,2639.88,0.46248,0.37089,0.17262,0.00118,0.08731,0.99682,0.9671,0.98905,0.88107,0.99682,0.9671,0.98905,0.85825,0.527,0.74683,0.28831,0.00249,0,0.0242085,0.0080695,0.0242085,0.0080695,0.0242085,0.0080695,0.0242085,0.0080695
197,2653,0.45597,0.35677,0.1763,0.00118,0.0874,0.98359,0.94753,0.98715,0.88672,0.98359,0.94753,0.98715,0.87681,0.4887,0.70845,0.3488,0.00227,0,0.0241788,0.0080596,0.0241788,0.0080596,0.0241788,0.0080596,0.0241788,0.0080596
198,2666.04,0.44326,0.35365,0.16579,0.00111,0.08771,0.9836,0.97222,0.98511,0.86012,0.98672,0.97531,0.98727,0.8652,0.59148,0.69771,0.22972,0.00274,0,0.0241491,0.0080497,0.0241491,0.0080497,0.0241491,0.0080497,0.0241491,0.0080497
199,2679.23,0.46107,0.34941,0.17768,0.00114,0.09059,0.9205,0.97531,0.97634,0.87784,0.92632,0.98148,0.98103,0.86331,0.54231,0.67537,0.55687,0.00256,0,0.0241194,0.0080398,0.0241194,0.0080398,0.0241194,0.0080398,0.0241194,0.0080398
200,2692.3,0.44184,0.33249,0.1716,0.00112,0.08092,0.99369,0.97213,0.98819,0.87813,0.99054,0.96909,0.98448,0.8653,0.54715,0.65359,0.22181,0.00257,0,0.0240897,0.0080299,0.0240897,0.0080299,0.0240897,0.0080299,0.0240897,0.0080299
201,2705.38,0.43112,0.34636,0.17036,0.0011,0.08181,0.99368,0.97033,0.99219,0.88542,0.99052,0.96725,0.99026,0.86726,0.53772,0.70456,0.30167,0.00248,0,0.02406,0.00802,0.02406,0.00802,0.02406,0.00802,0.02406,0.00802
202,2718.48,0.43982,0.34854,0.16839,0.00113,0.08,0.97537,0.9784,0.98887,0.88384,0.97844,0.98148,0.99095,0.86759,0.52386,0.69138,0.30264,0.00243,0,0.0240303,0.0080101,0.0240303,0.0080101,0.0240303,0.0080101,0.0240303,0.0080101
203,2731.58,0.43889,0.35154,0.17721,0.00115,0.08679,0.98484,0.94136,0.98824,0.88697,0.98484,0.94136,0.98953,0.85999,0.53749,0.72676,0.25156,0.00248,0,0.0240006,0.0080002,0.0240006,0.0080002,0.0240006,0.0080002,0.0240006,0.0080002
204,2744.68,0.43809,0.34317,0.17323,0.00114,0.08757,0.98659,0.91975,0.98567,0.87938,0.98659,0.91975,0.98567,0.8576,0.53446,0.72973,0.39613,0.00249,0,0.0239709,0.0079903,0.0239709,0.0079903,0.0239709,0.0079903,0.0239709,0.0079903
205,2757.72,0.44673,0.34022,0.17718,0.00114,0.10036,0.9064,0.97531,0.97454,0.86311,0.90926,0.9784,0.97904,0.84625,0.55435,0.73029,0.54502,0.00259,0,0.0239412,0.0079804,0.0239412,0.0079804,0.0239412,0.0079804,0.0239412,0.0079804
206,2770.78,0.43797,0.34405,0.17267,0.00113,0.08415,0.99663,0.9131,0.9824,0.88561,0.99663,0.9131,0.9824,0.85834,0.51614,0.74013,0.3617,0.00244,0,0.0239115,0.0079705,0.0239115,0.0079705,0.0239115,0.0079705,0.0239115,0.0079705
207,2783.85,0.44167,0.35564,0.16815,0.00112,0.08328,0.99049,0.96457,0.98721,0.88882,0.99366,0.96766,0.98891,0.85867,0.52411,0.77488,0.26373,0.00246,0,0.0238818,0.0079606,0.0238818,0.0079606,0.0238818,0.0079606,0.0238818,0.0079606
208,2797.3,0.43956,0.3436,0.16868,0.00113,0.08942,0.95612,0.96914,0.98759,0.88426,0.95612,0.96914,0.98759,0.86765,0.54157,0.74593,0.23523,0.00251,0,0.0238521,0.0079507,0.0238521,0.0079507,0.0238521,0.0079507,0.0238521,0.0079507
209,2810.78,0.43753,0.35546,0.1669,0.00114,0.08861,0.91843,0.97305,0.98725,0.87456,0.91843,0.97305,0.98725,0.85259,0.56204,0.74543,0.33297,0.00261,0,0.0238224,0.0079408,0.0238224,0.0079408,0.0238224,0.0079408,0.0238224,0.0079408
210,2824.09,0.44197,0.34875,0.18572,0.0011,0.08838,0.93654,0.95661,0.9837,0.86889,0.93654,0.95661,0.9837,0.84835,0.56581,0.71704,0.41606,0.0027,0,0.0237927,0.0079309,0.0237927,0.0079309,0.0237927,0.0079309,0.0237927,0.0079309
211,2837.32,0.44876,0.35036,0.17799,0.00114,0.08147,0.90346,0.9532,0.97005,0.86304,0.90346,0.9532,0.97005,0.84008,0.54122,0.70433,0.51737,0.00256,0,0.023763,0.007921,0.023763,0.007921,0.023763,0.007921,0.023763,0.007921
212,2850.55,0.46296,0.3524,0.18749,0.00117,0.08421,0.90227,0.96296,0.98044,0.86862,0.89913,0.95988,0.97829,0.85545,0.55052,0.71655,0.43591,0.00259,0,0.0237333,0.0079111,0.0237333,0.0079111,0.0237333,0.0079111,0.0237333,0.0079111
213,2863.8,0.46305,0.34811,0.17067,0.00121,0.08108,0.91352,0.94549,0.9806,0.8783,0.91352,0.94549,0.9806,0.8618,0.52484,0.68436,0.51375,0.00244,0,0.0237036,0.0079012,0.0237036,0.0079012,0.0237036,0.0079012,0.0237036,0.0079012
214,2877.24,0.45161,0.34347,0.16799,0.00118,0.08182,0.98806,0.92901,0.98664,0.89295,0.98477,0.92593,0.98468,0.86674,0.52672,0.70232,0.3592,0.00248,0,0.0236739,0.0078913,0.0236739,0.0078913,0.0236739,0.0078913,0.0236739,0.0078913
215,2890.58,0.4415,0.3576,0.16959,0.00112,0.07329,0.97932,0.97222,0.99004,0.87866,0.97932,0.97222,0.99004,0.8606,0.54686,0.71486,0.35701,0.00254,0,0.0236442,0.0078814,0.0236442,0.0078814,0.0236442,0.0078814,0.0236442,0.0078814
216,2903.97,0.43937,0.35715,0.16914,0.00113,0.08664,0.99294,0.96914,0.98981,0.86971,0.99294,0.96914,0.98981,0.85633,0.56223,0.73719,0.25217,0.00261,0,0.0236145,0.0078715,0.0236145,0.0078715,0.0236145,0.0078715,0.0236145,0.0078715
217,2917.4,0.43573,0.34229,0.16506,0.00112,0.0773,0.97879,0.9537,0.99143,0.86846,0.98196,0.95679,0.99238,0.85389,0.57061,0.68617,0.35285,0.00264,0,0.0235848,0.0078616,0.0235848,0.0078616,0.0235848,0.0078616,0.0235848,0.0078616
218,2930.2,0.43531,0.32703,0.16362,0.00112,0.08054,0.98162,0.95679,0.99219,0.88358,0.98162,0.95679,0.99219,0.8607,0.53774,0.66942,0.35716,0.00251,0,0.0235551,0.0078517,0.0235551,0.0078517,0.0235551,0.0078517,0.0235551,0.0078517
219,2944.33,0.44592,0.34367,0.166,0.00115,0.07841,0.91947,0.98677,0.98763,0.8828,0.91947,0.98677,0.98763,0.86344,0.55021,0.66055,0.42351,0.00256,0,0.0235254,0.0078418,0.0235254,0.0078418,0.0235254,0.0078418,0.0235254,0.0078418
220,2957.74,0.42971,0.34588,0.16551,0.0011,0.084,0.94784,0.95341,0.98454,0.8889,0.94784,0.95341,0.98454,0.86083,0.51746,0.7253,0.36875,0.00241,0,0.0234957,0.0078319,0.0234957,0.0078319,0.0234957,0.0078319,0.0234957,0.0078319
221,2971.22,0.43619,0.34831,0.17941,0.0011,0.0852,0.98229,0.96296,0.98548,0.86372,0.98543,0.96605,0.98814,0.85114,0.55073,0.72152,0.25378,0.00257,0,0.023466,0.007822,0.023466,0.007822,0.023466,0.007822,0.023466,0.007822
222,2984.74,0.4304,0.34227,0.16581,0.00111,0.08276,0.97506,0.9537,0.98639,0.8905,0.97822,0.95679,0.98873,0.86729,0.5224,0.71002,0.2436,0.00246,0,0.0234363,0.0078121,0.0234363,0.0078121,0.0234363,0.0078121,0.0234363,0.0078121
223,2998.22,0.44547,0.34094,0.16557,0.00111,0.08489,0.94816,0.95968,0.98166,0.87606,0.94816,0.95968,0.98166,0.85081,0.52592,0.72932,0.35138,0.00247,0,0.0234066,0.0078022,0.0234066,0.0078022,0.0234066,0.0078022,0.0234066,0.0078022
224,3011.59,0.46855,0.35497,0.17619,0.0012,0.0793,0.99571,0.95679,0.98849,0.88425,0.99892,0.95988,0.98964,0.87051,0.53879,0.73333,0.25063,0.00249,0,0.0233769,0.0077923,0.0233769,0.0077923,0.0233769,0.0077923,0.0233769,0.0077923
225,3025.16,0.44503,0.34152,0.18306,0.00117,0.07614,0.99257,0.95988,0.9876,0.88641,0.99135,0.95988,0.98961,0.87557,0.53458,0.73908,0.23805,0.00245,0,0.0233472,0.0077824,0.0233472,0.0077824,0.0233472,0.0077824,0.0233472,0.0077824
226,3038.6,0.44165,0.35344,0.17731,0.00111,0.07897,0.99356,0.98457,0.99109,0.89388,0.99356,0.98457,0.99109,0.86812,0.50486,0.70407,0.19555,0.00234,0,0.0233175,0.0077725,0.0233175,0.0077725,0.0233175,0.0077725,0.0233175,0.0077725
227,3052.14,0.43652,0.33217,0.16124,0.00113,0.0813,0.99686,0.98117,0.99198,0.89952,0.99686,0.98117,0.99198,0.87675,0.49485,0.718,0.18009,0.0023,0,0.0232878,0.0077626,0.0232878,0.0077626,0.0232878,0.0077626,0.0232878,0.0077626
228,3065.5,0.43914,0.33373,0.16952,0.00114,0.07994,0.98754,0.97887,0.9922,0.89111,0.98754,0.97887,0.9922,0.87162,0.54679,0.73554,0.22137,0.00253,0,0.0232581,0.0077527,0.0232581,0.0077527,0.0232581,0.0077527,0.0232581,0.0077527
229,3079.01,0.44367,0.33594,0.166,0.00113,0.07927,0.99373,0.97785,0.99228,0.89262,0.99373,0.97785,0.99228,0.86991,0.54988,0.68257,0.19802,0.00254,0,0.0232284,0.0077428,0.0232284,0.0077428,0.0232284,0.0077428,0.0232284,0.0077428
230,3092.31,0.4386,0.34872,0.16824,0.00114,0.09007,0.99684,0.97449,0.99017,0.90005,0.99684,0.97449,0.99005,0.87654,0.50614,0.66975,0.19632,0.00234,0,0.0231987,0.0077329,0.0231987,0.0077329,0.0231987,0.0077329,0.0231987,0.0077329
231,3105.86,0.44028,0.34348,0.16961,0.00112,0.08321,0.91087,0.98457,0.98859,0.8811,0.91087,0.98457,0.98647,0.86268,0.53101,0.70611,0.49533,0.00248,0,0.023169,0.007723,0.023169,0.007723,0.023169,0.007723,0.023169,0.007723
232,3119.1,0.4348,0.34296,0.16305,0.00107,0.07249,0.90807,0.97556,0.98636,0.87882,0.90807,0.97556,0.98636,0.84867,0.51348,0.70096,0.54469,0.00239,0,0.0231393,0.0077131,0.0231393,0.0077131,0.0231393,0.0077131,0.0231393,0.0077131
233,3132.64,0.43611,0.35192,0.16555,0.00111,0.08506,0.96453,0.97222,0.98947,0.87319,0.96453,0.97222,0.98947,0.85456,0.53393,0.69529,0.449,0.00245,0,0.0231096,0.0077032,0.0231096,0.0077032,0.0231096,0.0077032,0.0231096,0.0077032
234,3146.04,0.44704,0.34178,0.1772,0.00113,0.07831,0.97424,0.93375,0.98702,0.87894,0.97424,0.93375,0.98702,0.85518,0.52965,0.7017,0.47666,0.00244,0,0.0230799,0.0076933,0.0230799,0.0076933,0.0230799,0.0076933,0.0230799,0.0076933
235,3159.38,0.42778,0.3316,0.16413,0.0011,0.08262,0.8486,0.96881,0.97352,0.87402,0.8486,0.96881,0.97352,0.84344,0.51029,0.7142,0.61978,0.00236,0,0.0230502,0.0076834,0.0230502,0.0076834,0.0230502,0.0076834,0.0230502,0.0076834
236,3172.97,0.43253,0.3277,0.16402,0.0011,0.07398,0.9378,0.97716,0.98643,0.88594,0.9378,0.97716,0.98643,0.85813,0.51607,0.71888,0.36979,0.00238,0,0.0230205,0.0076735,0.0230205,0.0076735,0.0230205,0.0076735,0.0230205,0.0076735
237,3186.22,0.44036,0.3443,0.16356,0.00115,0.07628,0.92946,0.97603,0.9866,0.88854,0.92946,0.97603,0.9866,0.86614,0.5133,0.69881,0.40613,0.0024,0,0.0229908,0.0076636,0.0229908,0.0076636,0.0229908,0.0076636,0.0229908,0.0076636
238,3199.7,0.44525,0.35025,0.16966,0.00114,0.08085,0.90736,0.96732,0.98267,0.88025,0.90736,0.96732,0.98267,0.86092,0.51615,0.71996,0.46952,0.00243,0,0.0229611,0.0076537,0.0229611,0.0076537,0.0229611,0.0076537,0.0229611,0.0076537
239,3213.08,0.43601,0.3298,0.17048,0.00113,0.08452,0.96028,0.97015,0.98736,0.8745,0.96334,0.97324,0.98958,0.8683,0.53504,0.71435,0.26964,0.00252,0,0.0229314,0.0076438,0.0229314,0.0076438,0.0229314,0.0076438,0.0229314,0.0076438
240,3226.41,0.4449,0.34461,0.17302,0.00115,0.07479,0.96902,0.94444,0.98436,0.87147,0.97219,0.94753,0.987,0.86334,0.53793,0.7441,0.28815,0.0025,0,0.0229017,0.0076339,0.0229017,0.0076339,0.0229017,0.0076339,0.0229017,0.0076339
241,3239.83,0.42078,0.3235,0.17736,0.00111,0.07182,0.9671,0.95679,0.9864,0.87039,0.9671,0.95679,0.9864,0.85462,0.53747,0.72388,0.29156,0.00249,0,0.022872,0.007624,0.022872,0.007624,0.022872,0.007624,0.022872,0.007624
242,3253.07,0.42078,0.33541,0.16376,0.00106,0.07857,0.99053,0.96895,0.98968,0.86995,0.99053,0.96895,0.98968,0.85517,0.52341,0.72386,0.24579,0.00241,0,0.0228423,0.0076141,0.0228423,0.0076141,0.0228423,0.0076141,0.0228423,0.0076141
243,3266.59,0.4159,0.3414,0.15464,0.00107,0.07261,0.96025,0.9692,0.98927,0.87169,0.96025,0.9692,0.98927,0.85432,0.53148,0.72557,0.21339,0.00247,0,0.0228126,0.0076042,0.0228126,0.0076042,0.0228126,0.0076042,0.0228126,0.0076042
244,3279.81,0.42598,0.34474,0.16728,0.00109,0.08393,0.99678,0.95637,0.99234,0.8678,0.99678,0.95637,0.99234,0.85355,0.5462,0.72447,0.20859,0.00256,0,0.0227829,0.0075943,0.0227829,0.0075943,0.0227829,0.0075943,0.0227829,0.0075943
245,3293.17,0.42466,0.3391,0.16336,0.00108,0.07653,0.99256,0.96296,0.99308,0.87387,0.99256,0.96296,0.99308,0.86105,0.54123,0.7177,0.20842,0.00254,0,0.0227532,0.0075844,0.0227532,0.0075844,0.0227532,0.0075844,0.0227532,0.0075844
246,3306.8,0.41869,0.34523,0.16752,0.00106,0.07785,0.99273,0.97531,0.99088,0.89027,0.99273,0.97531,0.99088,0.86567,0.5316,0.70676,0.20525,0.00249,0,0.0227235,0.0075745,0.0227235,0.0075745,0.0227235,0.0075745,0.0227235,0.0075745
247,3320.23,0.42057,0.33887,0.15462,0.00108,0.07974,0.99369,0.97177,0.99014,0.88572,0.99369,0.97177,0.99014,0.86606,0.53287,0.7192,0.21926,0.0025,0,0.0226938,0.0075646,0.0226938,0.0075646,0.0226938,0.0075646,0.0226938,0.0075646
248,3333.92,0.42116,0.33381,0.16785,0.00107,0.07807,0.9215,0.96605,0.98281,0.87403,0.9215,0.96605,0.98281,0.86267,0.52747,0.6868,0.36132,0.00246,0,0.0226641,0.0075547,0.0226641,0.0075547,0.0226641,0.0075547,0.0226641,0.0075547
249,3347.27,0.41562,0.34943,0.16877,0.00104,0.08374,0.99032,0.94752,0.98884,0.89276,0.99032,0.94752,0.98884,0.86744,0.50942,0.69857,0.23327,0.0024,0,0.0226344,0.0075448,0.0226344,0.0075448,0.0226344,0.0075448,0.0226344,0.0075448
250,3360.56,0.41682,0.34461,0.16771,0.00109,0.07587,0.9534,0.91667,0.98058,0.87269,0.9534,0.91667,0.98058,0.85956,0.52401,0.65826,0.39004,0.00248,0,0.0226047,0.0075349,0.0226047,0.0075349,0.0226047,0.0075349,0.0226047,0.0075349
251,3374.1,0.4088,0.34054,0.15889,0.00106,0.07487,0.94947,0.9279,0.97997,0.86797,0.94947,0.9279,0.97997,0.85189,0.54063,0.69934,0.56349,0.00253,0,0.022575,0.007525,0.022575,0.007525,0.022575,0.007525,0.022575,0.007525
252,3387.5,0.40814,0.32809,0.16593,0.00107,0.07842,0.93206,0.97383,0.98385,0.86124,0.93206,0.97383,0.98385,0.84547,0.56356,0.67994,0.65467,0.00264,0,0.0225453,0.0075151,0.0225453,0.0075151,0.0225453,0.0075151,0.0225453,0.0075151
253,3400.98,0.42332,0.33282,0.16576,0.00109,0.07736,0.90601,0.96296,0.98023,0.8633,0.90601,0.96296,0.98023,0.8446,0.55136,0.6719,0.5279,0.00257,0,0.0225156,0.0075052,0.0225156,0.0075052,0.0225156,0.0075052,0.0225156,0.0075052
254,3414.34,0.43326,0.33328,0.16517,0.00111,0.0769,0.90745,0.96914,0.94601,0.83579,0.90745,0.96914,0.94601,0.8213,0.54069,0.70046,0.62801,0.0025,0,0.0224859,0.0074953,0.0224859,0.0074953,0.0224859,0.0074953,0.0224859,0.0074953
255,3427.76,0.41539,0.33757,0.1715,0.00105,0.07908,0.89746,0.97251,0.96519,0.85591,0.90031,0.9756,0.96642,0.84403,0.52834,0.72007,0.62792,0.00246,0,0.0224562,0.0074854,0.0224562,0.0074854,0.0224562,0.0074854,0.0224562,0.0074854
256,3441.29,0.41598,0.34419,0.15857,0.00108,0.07498,0.90116,0.97531,0.9726,0.85866,0.90116,0.97531,0.9726,0.84594,0.54825,0.74285,0.6434,0.00254,0,0.0224265,0.0074755,0.0224265,0.0074755,0.0224265,0.0074755,0.0224265,0.0074755
257,3455.5,0.43614,0.33358,0.18275,0.00108,0.07234,0.89429,0.9784,0.96789,0.84794,0.89429,0.9784,0.96894,0.84683,0.5384,0.70793,0.56524,0.00251,0,0.0223968,0.0074656,0.0223968,0.0074656,0.0223968,0.0074656,0.0223968,0.0074656
258,3468.82,0.40966,0.31864,0.16142,0.00105,0.07593,0.90993,0.95988,0.97316,0.858,0.90993,0.95988,0.97316,0.85393,0.55745,0.70338,0.55848,0.0026,0,0.0223671,0.0074557,0.0223671,0.0074557,0.0223671,0.0074557,0.0223671,0.0074557
259,3482.27,0.41469,0.328,0.15903,0.00107,0.0787,0.88496,0.96914,0.97752,0.86995,0.88778,0.97222,0.97906,0.8587,0.54537,0.67263,0.68185,0.00255,0,0.0223374,0.0074458,0.0223374,0.0074458,0.0223374,0.0074458,0.0223374,0.0074458
260,3496.02,0.40898,0.33671,0.16684,0.00103,0.07757,0.89732,0.971,0.97354,0.85978,0.89732,0.971,0.97354,0.84884,0.54551,0.6906,0.68981,0.00254,0,0.0223077,0.0074359,0.0223077,0.0074359,0.0223077,0.0074359,0.0223077,0.0074359
261,3508.99,0.42227,0.34779,0.16502,0.00107,0.07877,0.9566,0.95237,0.98588,0.86881,0.9597,0.95545,0.98749,0.8539,0.56014,0.72582,0.51903,0.00266,0,0.022278,0.007426,0.022278,0.007426,0.022278,0.007426,0.022278,0.007426
262,3521.58,0.42457,0.33925,0.16372,0.0011,0.08315,0.97436,0.93843,0.98632,0.87166,0.97436,0.93843,0.98632,0.85218,0.55166,0.73287,0.4566,0.0026,0,0.0222483,0.0074161,0.0222483,0.0074161,0.0222483,0.0074161,0.0222483,0.0074161
263,3533.94,0.42429,0.32829,0.16577,0.00106,0.07209,0.98295,0.94136,0.98806,0.87412,0.98295,0.94136,0.98806,0.85673,0.55732,0.71101,0.38899,0.00263,0,0.0222186,0.0074062,0.0222186,0.0074062,0.0222186,0.0074062,0.0222186,0.0074062
264,3546.29,0.41963,0.3252,0.16083,0.0011,0.0707,0.95214,0.94753,0.9862,0.88428,0.95214,0.94753,0.9862,0.86304,0.54957,0.74446,0.28064,0.00258,0,0.0221889,0.0073963,0.0221889,0.0073963,0.0221889,0.0073963,0.0221889,0.0073963
265,3558.9,0.42957,0.34235,0.16242,0.00109,0.0757,0.95632,0.94598,0.9871,0.89087,0.95632,0.94598,0.9871,0.87121,0.50831,0.77673,0.25038,0.0024,0,0.0221592,0.0073864,0.0221592,0.0073864,0.0221592,0.0073864,0.0221592,0.0073864
266,3571.24,0.42114,0.3366,0.16036,0.00109,0.07807,0.99001,0.97222,0.99119,0.89566,0.99001,0.97222,0.99119,0.87442,0.5186,0.7468,0.21071,0.00242,0,0.0221295,0.0073765,0.0221295,0.0073765,0.0221295,0.0073765,0.0221295,0.0073765
267,3583.58,0.42858,0.33405,0.16848,0.00109,0.07326,1,0.97987,0.99404,0.88514,1,0.97987,0.99404,0.86658,0.56035,0.76747,0.28013,0.00261,0,0.0220998,0.0073666,0.0220998,0.0073666,0.0220998,0.0073666,0.0220998,0.0073666
268,3596.17,0.41394,0.32863,0.16659,0.00106,0.08059,0.99619,0.97222,0.99183,0.88435,0.99619,0.97222,0.99183,0.86033,0.55006,0.72571,0.39296,0.00259,0,0.0220701,0.0073567,0.0220701,0.0073567,0.0220701,0.0073567,0.0220701,0.0073567
269,3608.53,0.42758,0.33816,0.16609,0.0011,0.07777,0.99017,0.97531,0.99317,0.88385,0.99017,0.97531,0.99317,0.86097,0.54487,0.67278,0.40213,0.00256,0,0.0220404,0.0073468,0.0220404,0.0073468,0.0220404,0.0073468,0.0220404,0.0073468
270,3621.18,0.42246,0.32369,0.16885,0.00108,0.07664,0.99372,0.97703,0.9916,0.87986,0.99372,0.97703,0.9916,0.86169,0.5586,0.68093,0.4251,0.00259,0,0.0220107,0.0073369,0.0220107,0.0073369,0.0220107,0.0073369,0.0220107,0.0073369
271,3633.53,0.43482,0.3281,0.16475,0.00114,0.07344,0.9936,0.95769,0.9925,0.88111,0.9936,0.95769,0.9925,0.86901,0.54994,0.69702,0.39388,0.00259,0,0.021981,0.007327,0.021981,0.007327,0.021981,0.007327,0.021981,0.007327
272,3645.91,0.41028,0.339,0.15238,0.00106,0.07697,0.93683,0.98765,0.99033,0.88265,0.93683,0.98765,0.99033,0.86897,0.53114,0.66985,0.36609,0.00246,0,0.0219513,0.0073171,0.0219513,0.0073171,0.0219513,0.0073171,0.0219513,0.0073171
273,3658.52,0.40896,0.32738,0.15025,0.00106,0.08326,0.96143,0.93519,0.98789,0.88812,0.96143,0.93519,0.98789,0.87098,0.51945,0.69435,0.35924,0.00242,0,0.0219216,0.0073072,0.0219216,0.0073072,0.0219216,0.0073072,0.0219216,0.0073072
274,3670.85,0.42483,0.33441,0.1574,0.00105,0.07577,0.98667,0.91408,0.98745,0.88781,0.99001,0.91717,0.98884,0.86558,0.52617,0.70916,0.31878,0.00246,0,0.0218919,0.0072973,0.0218919,0.0072973,0.0218919,0.0072973,0.0218919,0.0072973
275,3683.21,0.41552,0.33718,0.16012,0.00108,0.08761,0.98894,0.9537,0.98807,0.88411,0.98894,0.9537,0.98807,0.86847,0.51343,0.68153,0.27854,0.00241,0,0.0218622,0.0072874,0.0218622,0.0072874,0.0218622,0.0072874,0.0218622,0.0072874
276,3695.82,0.42755,0.34085,0.16527,0.00105,0.08262,0.98446,0.97758,0.98948,0.89392,0.98757,0.98066,0.99096,0.88048,0.5055,0.66645,0.21597,0.00238,0,0.0218325,0.0072775,0.0218325,0.0072775,0.0218325,0.0072775,0.0218325,0.0072775
277,3708.18,0.42208,0.32742,0.16044,0.00106,0.0835,0.98876,0.93827,0.98766,0.88906,0.99201,0.94136,0.98956,0.8738,0.50694,0.69916,0.22759,0.00239,0,0.0218028,0.0072676,0.0218028,0.0072676,0.0218028,0.0072676,0.0218028,0.0072676
278,3720.57,0.43707,0.32933,0.16906,0.00113,0.08349,0.9721,0.96605,0.98686,0.88936,0.9721,0.96605,0.98686,0.87276,0.51827,0.69386,0.24858,0.00243,0,0.0217731,0.0072577,0.0217731,0.0072577,0.0217731,0.0072577,0.0217731,0.0072577
279,3733.18,0.42691,0.33809,0.16555,0.00108,0.07441,0.92274,0.98457,0.98283,0.88699,0.92563,0.98765,0.98509,0.8723,0.50883,0.68101,0.43647,0.00237,0,0.0217434,0.0072478,0.0217434,0.0072478,0.0217434,0.0072478,0.0217434,0.0072478
280,3745.51,0.40859,0.33597,0.16018,0.00103,0.07476,0.9191,0.9784,0.96636,0.86406,0.922,0.98148,0.96884,0.85151,0.51592,0.71135,0.50014,0.00242,0,0.0217137,0.0072379,0.0217137,0.0072379,0.0217137,0.0072379,0.0217137,0.0072379
281,3758,0.42218,0.32142,0.16466,0.00107,0.07413,0.91364,0.94692,0.95643,0.86299,0.91662,0.95001,0.9589,0.84717,0.50855,0.71974,0.60892,0.00238,0,0.021684,0.007228,0.021684,0.007228,0.021684,0.007228,0.021684,0.007228
282,3770.35,0.41589,0.31816,0.16082,0.00109,0.07507,0.89247,0.95679,0.96567,0.87187,0.89535,0.95988,0.96938,0.85181,0.49208,0.6823,0.67911,0.00232,0,0.0216543,0.0072181,0.0216543,0.0072181,0.0216543,0.0072181,0.0216543,0.0072181
283,3782.73,0.40357,0.32566,0.1612,0.00102,0.07619,0.89668,0.94753,0.97019,0.86545,0.89668,0.94753,0.97019,0.85177,0.51108,0.69367,0.60477,0.00238,0,0.0216246,0.0072082,0.0216246,0.0072082,0.0216246,0.0072082,0.0216246,0.0072082
284,3795.34,0.40693,0.33669,0.16076,0.00103,0.07574,0.97416,0.90432,0.98254,0.87803,0.97416,0.90432,0.98254,0.86059,0.51162,0.71348,0.44133,0.0024,0,0.0215949,0.0071983,0.0215949,0.0071983,0.0215949,0.0071983,0.0215949,0.0071983
285,3807.68,0.41179,0.3396,0.15748,0.00106,0.07295,0.92852,0.96217,0.98057,0.87295,0.9315,0.96526,0.98565,0.86144,0.51211,0.70493,0.37902,0.00241,0,0.0215652,0.0071884,0.0215652,0.0071884,0.0215652,0.0071884,0.0215652,0.0071884
286,3820.03,0.40994,0.32372,0.16239,0.00103,0.0686,0.92375,0.97214,0.98676,0.88078,0.93042,0.96914,0.98703,0.86467,0.51768,0.70547,0.34129,0.00243,0,0.0215355,0.0071785,0.0215355,0.0071785,0.0215355,0.0071785,0.0215355,0.0071785
287,3832.63,0.4055,0.32986,0.15939,0.00105,0.07589,0.92209,0.94977,0.97595,0.87184,0.92509,0.95286,0.97936,0.85253,0.51196,0.69413,0.45063,0.00241,0,0.0215058,0.0071686,0.0215058,0.0071686,0.0215058,0.0071686,0.0215058,0.0071686
288,3844.99,0.42248,0.32908,0.16346,0.00105,0.07667,0.89762,0.94753,0.95811,0.8651,0.90054,0.95062,0.96011,0.83811,0.51451,0.70074,0.60575,0.00241,0,0.0214761,0.0071587,0.0214761,0.0071587,0.0214761,0.0071587,0.0214761,0.0071587
289,3857.63,0.39531,0.32517,0.15581,0.001,0.07502,0.90655,0.94136,0.95795,0.86091,0.90952,0.94444,0.95946,0.83988,0.50964,0.68662,0.61824,0.00238,0,0.0214464,0.0071488,0.0214464,0.0071488,0.0214464,0.0071488,0.0214464,0.0071488
290,3869.97,0.41553,0.32499,0.16258,0.00103,0.07542,0.91284,0.96976,0.9748,0.88158,0.90994,0.96667,0.97359,0.86046,0.51139,0.67854,0.57088,0.00238,0,0.0214167,0.0071389,0.0214167,0.0071389,0.0214167,0.0071389,0.0214167,0.0071389
291,3882.35,0.41355,0.33686,0.16112,0.00105,0.06898,0.913,0.97165,0.97777,0.88492,0.913,0.97165,0.97777,0.86505,0.5161,0.6717,0.58295,0.00241,0,0.021387,0.007129,0.021387,0.007129,0.021387,0.007129,0.021387,0.007129
292,3895.9,0.40234,0.32221,0.15507,0.00105,0.07044,0.90398,0.96914,0.97913,0.88236,0.9011,0.96605,0.97756,0.86055,0.51733,0.65618,0.58508,0.00242,0,0.0213573,0.0071191,0.0213573,0.0071191,0.0213573,0.0071191,0.0213573,0.0071191
293,3909.28,0.41549,0.3213,0.15471,0.00104,0.08084,0.90803,0.97531,0.97156,0.87335,0.90803,0.97531,0.97156,0.8482,0.5419,0.67972,0.58739,0.00254,0,0.0213276,0.0071092,0.0213276,0.0071092,0.0213276,0.0071092,0.0213276,0.0071092
294,3922.77,0.41232,0.33158,0.15911,0.00104,0.07492,0.90856,0.98136,0.96705,0.87505,0.91142,0.98445,0.96889,0.85161,0.51427,0.66973,0.56125,0.0024,0,0.0212979,0.0070993,0.0212979,0.0070993,0.0212979,0.0070993,0.0212979,0.0070993
295,3935.3,0.40988,0.31479,0.14951,0.00103,0.07497,0.91121,0.97222,0.97841,0.88607,0.9141,0.97531,0.98057,0.86504,0.51935,0.68291,0.55208,0.00242,0,0.0212682,0.0070894,0.0212682,0.0070894,0.0212682,0.0070894,0.0212682,0.0070894
296,3948.33,0.41756,0.34159,0.15356,0.00105,0.07662,0.9571,0.94444,0.98627,0.88633,0.96023,0.94753,0.98851,0.8669,0.52505,0.67013,0.47278,0.00245,0,0.0212385,0.0070795,0.0212385,0.0070795,0.0212385,0.0070795,0.0212385,0.0070795
297,3961.36,0.41042,0.32419,0.16258,0.00103,0.06893,0.98417,0.95988,0.99097,0.88681,0.98417,0.95988,0.99097,0.87249,0.51206,0.67414,0.31715,0.00239,0,0.0212088,0.0070696,0.0212088,0.0070696,0.0212088,0.0070696,0.0212088,0.0070696
298,3974.28,0.4068,0.31756,0.14707,0.00106,0.07308,0.95673,0.95551,0.98531,0.88318,0.95673,0.95551,0.98555,0.86034,0.5061,0.68956,0.35521,0.00237,0,0.0211791,0.0070597,0.0211791,0.0070597,0.0211791,0.0070597,0.0211791,0.0070597
299,3987.31,0.39272,0.31716,0.15164,0.00102,0.0782,0.94149,0.9436,0.97873,0.86966,0.94457,0.94668,0.98318,0.85114,0.5169,0.69291,0.41371,0.00241,0,0.0211494,0.0070498,0.0211494,0.0070498,0.0211494,0.0070498,0.0211494,0.0070498
300,4000.04,0.41279,0.33135,0.1627,0.00104,0.0811,0.92896,0.96858,0.98282,0.88033,0.92896,0.96858,0.98282,0.86056,0.52598,0.7016,0.33424,0.00247,0,0.0211197,0.0070399,0.0211197,0.0070399,0.0211197,0.0070399,0.0211197,0.0070399
301,4012.7,0.41559,0.33328,0.15993,0.00105,0.07953,0.98362,0.92593,0.98414,0.88514,0.98689,0.92901,0.98623,0.86061,0.51923,0.7111,0.37848,0.00245,0,0.02109,0.00703,0.02109,0.00703,0.02109,0.00703,0.02109,0.00703
302,4025.79,0.40769,0.33373,0.15294,0.00102,0.07882,0.93969,0.96173,0.98411,0.87968,0.93969,0.96173,0.98457,0.8636,0.5079,0.72052,0.49988,0.00238,0,0.0210603,0.0070201,0.0210603,0.0070201,0.0210603,0.0070201,0.0210603,0.0070201
303,4038.39,0.41095,0.32289,0.15689,0.00105,0.078,0.93445,0.96801,0.98481,0.88999,0.93743,0.97109,0.98671,0.86859,0.50651,0.71733,0.46798,0.00238,0,0.0210306,0.0070102,0.0210306,0.0070102,0.0210306,0.0070102,0.0210306,0.0070102
304,4050.91,0.4024,0.32412,0.16098,0.00103,0.07366,0.89971,0.97222,0.98144,0.88497,0.89971,0.97222,0.98151,0.86655,0.51457,0.70418,0.56406,0.00242,0,0.0210009,0.0070003,0.0210009,0.0070003,0.0210009,0.0070003,0.0210009,0.0070003
305,4064.07,0.41207,0.32829,0.16406,0.00103,0.07515,0.8978,0.96605,0.97949,0.88807,0.90087,0.96914,0.98096,0.86835,0.51152,0.70277,0.5161,0.00241,0,0.0209712,0.0069904,0.0209712,0.0069904,0.0209712,0.0069904,0.0209712,0.0069904
306,4076.92,0.40147,0.31771,0.1536,0.00101,0.07388,0.93313,0.94747,0.96982,0.8699,0.93313,0.94747,0.96982,0.85577,0.53117,0.69654,0.51602,0.00249,0,0.0209415,0.0069805,0.0209415,0.0069805,0.0209415,0.0069805,0.0209415,0.0069805
307,4089.99,0.3993,0.31986,0.15223,0.00102,0.07154,0.90959,0.96296,0.97035,0.87281,0.9125,0.96605,0.97212,0.85964,0.51889,0.68718,0.57383,0.00243,0,0.0209118,0.0069706,0.0209118,0.0069706,0.0209118,0.0069706,0.0209118,0.0069706
308,4102.36,0.40094,0.32548,0.15553,0.00105,0.07596,0.95391,0.9321,0.98286,0.88359,0.95707,0.93519,0.98457,0.8682,0.53403,0.68614,0.52058,0.0025,0,0.0208821,0.0069607,0.0208821,0.0069607,0.0208821,0.0069607,0.0208821,0.0069607
309,4114.71,0.4047,0.33165,0.15221,0.00102,0.07942,0.97139,0.94444,0.98531,0.88669,0.96865,0.94444,0.98698,0.86565,0.52483,0.66309,0.4457,0.00247,0,0.0208524,0.0069508,0.0208524,0.0069508,0.0208524,0.0069508,0.0208524,0.0069508
310,4127.22,0.41788,0.32751,0.15567,0.00104,0.07193,0.92984,0.95679,0.98363,0.88257,0.93284,0.95988,0.98522,0.86164,0.52776,0.65627,0.47388,0.00248,0,0.0208227,0.0069409,0.0208227,0.0069409,0.0208227,0.0069409,0.0208227,0.0069409
311,4139.57,0.39645,0.30866,0.14993,0.00102,0.07121,0.94102,0.94444,0.98179,0.87722,0.9441,0.94753,0.98376,0.85977,0.53412,0.66987,0.46758,0.00252,0,0.020793,0.006931,0.020793,0.006931,0.020793,0.006931,0.020793,0.006931
312,4151.9,0.397,0.30858,0.15741,0.001,0.07076,0.93177,0.92901,0.97817,0.87691,0.92868,0.92593,0.97672,0.85582,0.53523,0.68485,0.61734,0.0025,0,0.0207633,0.0069211,0.0207633,0.0069211,0.0207633,0.0069211,0.0207633,0.0069211
313,4164.54,0.3927,0.32794,0.15352,0.00101,0.07583,0.89471,0.97222,0.98009,0.88181,0.89471,0.97222,0.98009,0.85908,0.52961,0.69716,0.54728,0.00249,0,0.0207336,0.0069112,0.0207336,0.0069112,0.0207336,0.0069112,0.0207336,0.0069112
314,4176.89,0.39178,0.3154,0.15507,0.001,0.0711,0.97149,0.9537,0.9883,0.88026,0.97149,0.9537,0.9883,0.86369,0.54231,0.71223,0.46099,0.00252,0,0.0207039,0.0069013,0.0207039,0.0069013,0.0207039,0.0069013,0.0207039,0.0069013
315,4189.28,0.40068,0.33208,0.15252,0.001,0.08142,0.94622,0.9784,0.98733,0.87413,0.94921,0.98148,0.98916,0.86338,0.5446,0.69017,0.3361,0.00253,0,0.0206742,0.0068914,0.0206742,0.0068914,0.0206742,0.0068914,0.0206742,0.0068914
316,4201.66,0.39212,0.32686,0.15669,0.001,0.0814,0.96862,0.95679,0.98536,0.88138,0.97175,0.95988,0.9872,0.86244,0.53236,0.68176,0.2954,0.00249,0,0.0206445,0.0068815,0.0206445,0.0068815,0.0206445,0.0068815,0.0206445,0.0068815
317,4214.01,0.39849,0.32309,0.14997,0.00101,0.08065,0.91972,0.95988,0.98076,0.87619,0.92268,0.96296,0.98243,0.86309,0.52471,0.68094,0.37692,0.00246,0,0.0206148,0.0068716,0.0206148,0.0068716,0.0206148,0.0068716,0.0206148,0.0068716
318,4226.43,0.39566,0.31768,0.15121,0.00104,0.07327,0.94229,0.9575,0.98421,0.8731,0.94533,0.96059,0.98584,0.85973,0.5402,0.69985,0.33098,0.00254,0,0.0205851,0.0068617,0.0205851,0.0068617,0.0205851,0.0068617,0.0205851,0.0068617
319,4238.84,0.39542,0.33024,0.15889,0.00106,0.07327,0.9887,0.94753,0.98674,0.87255,0.99192,0.95062,0.98835,0.86104,0.54711,0.66976,0.27059,0.00256,0,0.0205554,0.0068518,0.0205554,0.0068518,0.0205554,0.0068518,0.0205554,0.0068518
320,4251.23,0.3982,0.32374,0.1564,0.00102,0.07576,0.9838,0.94753,0.98648,0.87399,0.98714,0.95062,0.98833,0.86237,0.55757,0.67937,0.28882,0.00261,0,0.0205257,0.0068419,0.0205257,0.0068419,0.0205257,0.0068419,0.0205257,0.0068419
321,4263.75,0.40831,0.33001,0.1594,0.00101,0.08021,0.98671,0.91666,0.98388,0.87362,0.99336,0.92284,0.98775,0.85533,0.55378,0.6838,0.35262,0.0026,0,0.020496,0.006832,0.020496,0.006832,0.020496,0.006832,0.020496,0.006832
322,4276.11,0.3999,0.32815,0.15734,0.00099,0.07722,0.94526,0.96296,0.98732,0.88378,0.94526,0.96296,0.98732,0.86525,0.54116,0.67275,0.3662,0.00253,0,0.0204663,0.0068221,0.0204663,0.0068221,0.0204663,0.0068221,0.0204663,0.0068221
323,4288.48,0.40598,0.3285,0.16158,0.00101,0.0841,0.93891,0.96296,0.98637,0.88097,0.93891,0.96296,0.98637,0.8678,0.52711,0.67682,0.36224,0.00246,0,0.0204366,0.0068122,0.0204366,0.0068122,0.0204366,0.0068122,0.0204366,0.0068122
324,4300.97,0.39421,0.31077,0.15599,0.001,0.07298,0.9458,0.95988,0.9871,0.88638,0.9458,0.95988,0.9871,0.86823,0.52293,0.67799,0.3318,0.00243,0,0.0204069,0.0068023,0.0204069,0.0068023,0.0204069,0.0068023,0.0204069,0.0068023
325,4313.45,0.39053,0.31796,0.15461,0.00098,0.07203,0.94163,0.94444,0.98381,0.88498,0.94471,0.94753,0.98632,0.86265,0.5113,0.6851,0.38803,0.0024,0,0.0203772,0.0067924,0.0203772,0.0067924,0.0203772,0.0067924,0.0203772,0.0067924
326,4325.81,0.40223,0.32718,0.16353,0.00102,0.0762,0.95876,0.93273,0.98405,0.88494,0.93584,0.96605,0.98733,0.86231,0.52453,0.67556,0.42551,0.00245,0,0.0203475,0.0067825,0.0203475,0.0067825,0.0203475,0.0067825,0.0203475,0.0067825
327,4338.24,0.40521,0.31807,0.16112,0.00103,0.07434,0.98691,0.93058,0.98602,0.89172,0.99018,0.93367,0.98808,0.86999,0.51702,0.66504,0.38463,0.00242,0,0.0203178,0.0067726,0.0203178,0.0067726,0.0203178,0.0067726,0.0203178,0.0067726
328,4350.59,0.40762,0.3247,0.1689,0.00103,0.07901,0.9967,0.93138,0.98874,0.90121,0.9967,0.93138,0.98874,0.87403,0.49996,0.66985,0.301,0.00234,0,0.0202881,0.0067627,0.0202881,0.0067627,0.0202881,0.0067627,0.0202881,0.0067627
329,4362.92,0.41453,0.32658,0.1698,0.00106,0.084,0.98092,0.95208,0.98899,0.90376,0.98092,0.95208,0.98899,0.87457,0.48516,0.6651,0.32107,0.00228,0,0.0202584,0.0067528,0.0202584,0.0067528,0.0202584,0.0067528,0.0202584,0.0067528
330,4375.43,0.42412,0.33646,0.17844,0.00109,0.08342,0.983,0.95062,0.98935,0.89757,0.983,0.95062,0.98935,0.87299,0.49305,0.68296,0.32065,0.0023,0,0.0202287,0.0067429,0.0202287,0.0067429,0.0202287,0.0067429,0.0202287,0.0067429
331,4387.76,0.42067,0.32089,0.16961,0.0011,0.07705,0.95657,0.95179,0.9874,0.89326,0.95657,0.95179,0.9874,0.87217,0.52419,0.70543,0.32669,0.00242,0,0.020199,0.006733,0.020199,0.006733,0.020199,0.006733,0.020199,0.006733
332,4400.1,0.41818,0.34103,0.16667,0.00108,0.08504,0.91384,0.98206,0.97944,0.88792,0.91384,0.98206,0.97944,0.86201,0.52682,0.6881,0.50536,0.00244,0,0.0201693,0.0067231,0.0201693,0.0067231,0.0201693,0.0067231,0.0201693,0.0067231
333,4412.59,0.4201,0.32648,0.17542,0.0011,0.08687,0.90201,0.97531,0.96694,0.87078,0.90201,0.97531,0.96694,0.85122,0.53074,0.67634,0.56451,0.00243,0,0.0201396,0.0067132,0.0201396,0.0067132,0.0201396,0.0067132,0.0201396,0.0067132
334,4424.97,0.42272,0.33072,0.16727,0.00106,0.07248,0.87714,0.9784,0.93121,0.83479,0.87714,0.9784,0.93121,0.81532,0.52497,0.66488,0.63765,0.00242,0,0.0201099,0.0067033,0.0201099,0.0067033,0.0201099,0.0067033,0.0201099,0.0067033
335,4437.52,0.41516,0.31734,0.1612,0.00109,0.0709,0.90245,0.97085,0.95098,0.85097,0.90245,0.97085,0.95098,0.83539,0.52672,0.66636,0.60101,0.00242,0,0.0200802,0.0066934,0.0200802,0.0066934,0.0200802,0.0066934,0.0200802,0.0066934
336,4449.89,0.40077,0.32952,0.15474,0.00102,0.06748,0.90202,0.96607,0.97574,0.87181,0.90202,0.96607,0.97574,0.86233,0.52449,0.67776,0.51224,0.00241,0,0.0200505,0.0066835,0.0200505,0.0066835,0.0200505,0.0066835,0.0200505,0.0066835
337,4462.25,0.40666,0.33626,0.1516,0.00104,0.07415,0.90349,0.9784,0.9745,0.87587,0.90349,0.9784,0.9745,0.85785,0.52433,0.67761,0.52374,0.00241,0,0.0200208,0.0066736,0.0200208,0.0066736,0.0200208,0.0066736,0.0200208,0.0066736
338,4474.78,0.40341,0.32487,0.15207,0.00101,0.07625,0.90789,0.97344,0.97547,0.87246,0.90789,0.97344,0.97547,0.85623,0.52788,0.68047,0.51576,0.00242,0,0.0199911,0.0066637,0.0199911,0.0066637,0.0199911,0.0066637,0.0199911,0.0066637
339,4487.52,0.39172,0.31422,0.15974,0.00101,0.07166,0.91115,0.9812,0.9785,0.87932,0.90829,0.97812,0.97601,0.85505,0.53085,0.7034,0.52653,0.00245,0,0.0199614,0.0066538,0.0199614,0.0066538,0.0199614,0.0066538,0.0199614,0.0066538
340,4500.53,0.39885,0.31736,0.15576,0.00099,0.07017,0.90944,0.97222,0.97729,0.8774,0.90655,0.96914,0.97495,0.85979,0.5202,0.72775,0.53832,0.0024,0,0.0199317,0.0066439,0.0199317,0.0066439,0.0199317,0.0066439,0.0199317,0.0066439
341,4514.17,0.38855,0.32662,0.15296,0.00099,0.07677,0.91913,0.98222,0.98104,0.87373,0.91625,0.9792,0.97932,0.85982,0.52184,0.72878,0.50331,0.00241,0,0.019902,0.006634,0.019902,0.006634,0.019902,0.006634,0.019902,0.006634
342,4527.11,0.40818,0.33513,0.15299,0.00103,0.07185,0.92175,0.96914,0.98008,0.88278,0.91881,0.96605,0.97871,0.85794,0.51178,0.75176,0.46874,0.00237,0,0.0198723,0.0066241,0.0198723,0.0066241,0.0198723,0.0066241,0.0198723,0.0066241
343,4539.73,0.40189,0.33567,0.15089,0.00101,0.07024,0.91798,0.97531,0.98019,0.8855,0.91507,0.97222,0.97861,0.86087,0.51448,0.73843,0.44061,0.00238,0,0.0198426,0.0066142,0.0198426,0.0066142,0.0198426,0.0066142,0.0198426,0.0066142
344,4552.16,0.39942,0.32439,0.15498,0.00097,0.06915,0.91789,0.96914,0.98098,0.88517,0.91789,0.96914,0.98098,0.86952,0.50687,0.71587,0.4574,0.00236,0,0.0198129,0.0066043,0.0198129,0.0066043,0.0198129,0.0066043,0.0198129,0.0066043
345,4564.88,0.41296,0.33602,0.16038,0.00102,0.07559,0.92276,0.95865,0.98025,0.88535,0.92276,0.95865,0.98025,0.8686,0.5177,0.70119,0.49845,0.0024,0,0.0197832,0.0065944,0.0197832,0.0065944,0.0197832,0.0065944,0.0197832,0.0065944
346,4577.43,0.38803,0.3176,0.15004,0.00102,0.0732,0.92805,0.95539,0.98296,0.88707,0.92805,0.95539,0.98296,0.86752,0.51571,0.69594,0.49986,0.0024,0,0.0197535,0.0065845,0.0197535,0.0065845,0.0197535,0.0065845,0.0197535,0.0065845
347,4590.25,0.39356,0.32006,0.1476,0.00102,0.07022,0.9208,0.96883,0.98313,0.88405,0.9208,0.96883,0.98313,0.8633,0.52173,0.70866,0.50502,0.00242,0,0.0197238,0.0065746,0.0197238,0.0065746,0.0197238,0.0065746,0.0197238,0.0065746
348,4603.74,0.39369,0.32159,0.15177,0.001,0.06822,0.96768,0.92397,0.98481,0.88697,0.96444,0.92088,0.98302,0.87406,0.52013,0.70484,0.42246,0.0024,0,0.0196941,0.0065647,0.0196941,0.0065647,0.0196941,0.0065647,0.0196941,0.0065647
349,4616.8,0.39288,0.32152,0.15268,0.001,0.07594,0.96706,0.95062,0.9856,0.88659,0.96392,0.94753,0.98362,0.87244,0.5195,0.70839,0.38494,0.00239,0,0.0196644,0.0065548,0.0196644,0.0065548,0.0196644,0.0065548,0.0196644,0.0065548
350,4629.6,0.37992,0.3355,0.15141,0.00098,0.06836,0.96504,0.93827,0.98462,0.88821,0.96187,0.93519,0.98311,0.86721,0.51716,0.70659,0.3618,0.00239,0,0.0196347,0.0065449,0.0196347,0.0065449,0.0196347,0.0065449,0.0196347,0.0065449
351,4642.27,0.3848,0.30791,0.15105,0.00097,0.06917,0.92893,0.96605,0.98559,0.88371,0.92597,0.96296,0.98344,0.86633,0.52568,0.70666,0.37589,0.00243,0,0.019605,0.006535,0.019605,0.006535,0.019605,0.006535,0.019605,0.006535
352,4655.2,0.38976,0.31581,0.15079,0.00098,0.07009,0.94384,0.96914,0.98613,0.88504,0.94384,0.96914,0.98613,0.86436,0.52611,0.7167,0.37001,0.00243,0,0.0195753,0.0065251,0.0195753,0.0065251,0.0195753,0.0065251,0.0195753,0.0065251
353,4668.15,0.38545,0.31246,0.15546,0.00098,0.06793,0.9625,0.95679,0.9881,0.88525,0.9625,0.95679,0.9881,0.86995,0.52866,0.70228,0.31125,0.00244,0,0.0195456,0.0065152,0.0195456,0.0065152,0.0195456,0.0065152,0.0195456,0.0065152
354,4680.68,0.39232,0.31967,0.14952,0.00098,0.07156,0.96857,0.95128,0.98792,0.88361,0.96857,0.95128,0.98792,0.87082,0.52315,0.69387,0.27439,0.00242,0,0.0195159,0.0065053,0.0195159,0.0065053,0.0195159,0.0065053,0.0195159,0.0065053
355,4693.18,0.39478,0.32399,0.15232,0.00096,0.0706,0.98515,0.94444,0.98898,0.88883,0.98515,0.94444,0.98898,0.87285,0.53021,0.67869,0.253,0.00246,0,0.0194862,0.0064954,0.0194862,0.0064954,0.0194862,0.0064954,0.0194862,0.0064954
356,4705.78,0.38728,0.3176,0.15252,0.00099,0.07567,0.98618,0.9784,0.99093,0.89614,0.98618,0.9784,0.99093,0.87395,0.52148,0.68329,0.24053,0.00242,0,0.0194565,0.0064855,0.0194565,0.0064855,0.0194565,0.0064855,0.0194565,0.0064855
357,4718.29,0.38442,0.31008,0.15145,0.00095,0.07036,0.98009,0.9784,0.99045,0.89382,0.98009,0.9784,0.99045,0.87102,0.51104,0.67184,0.31829,0.00239,0,0.0194268,0.0064756,0.0194268,0.0064756,0.0194268,0.0064756,0.0194268,0.0064756
358,4730.72,0.38848,0.32863,0.1572,0.00097,0.07675,0.98436,0.96296,0.98994,0.89199,0.98436,0.96296,0.98994,0.86678,0.52129,0.67081,0.36196,0.00242,0,0.0193971,0.0064657,0.0193971,0.0064657,0.0193971,0.0064657,0.0193971,0.0064657
359,4743.3,0.39255,0.32058,0.16092,0.00099,0.0768,0.98443,0.97562,0.99024,0.89274,0.98443,0.97562,0.99024,0.86948,0.52719,0.67737,0.32912,0.00245,0,0.0193674,0.0064558,0.0193674,0.0064558,0.0193674,0.0064558,0.0193674,0.0064558
360,4756.12,0.38169,0.31103,0.15806,0.00097,0.07356,0.9905,0.96567,0.99032,0.88831,0.9905,0.96567,0.99032,0.86712,0.52657,0.68603,0.27714,0.00244,0,0.0193377,0.0064459,0.0193377,0.0064459,0.0193377,0.0064459,0.0193377,0.0064459
361,4768.59,0.40011,0.31368,0.16211,0.00098,0.07636,0.98749,0.96296,0.9902,0.89319,0.98749,0.96296,0.9902,0.87084,0.51102,0.68729,0.24459,0.00239,0,0.019308,0.006436,0.019308,0.006436,0.019308,0.006436,0.019308,0.006436
362,4781.27,0.38722,0.31878,0.15688,0.00096,0.07818,0.99486,0.96605,0.99051,0.88986,0.99486,0.96605,0.99051,0.86982,0.51614,0.69632,0.21998,0.00241,0,0.0192783,0.0064261,0.0192783,0.0064261,0.0192783,0.0064261,0.0192783,0.0064261
363,4793.89,0.39407,0.32875,0.15802,0.00101,0.07799,0.97831,0.97461,0.98739,0.89292,0.97831,0.97461,0.98739,0.87071,0.51142,0.70787,0.2328,0.00239,0,0.0192486,0.0064162,0.0192486,0.0064162,0.0192486,0.0064162,0.0192486,0.0064162
364,4806.5,0.38503,0.33158,0.15479,0.00101,0.07886,0.99172,0.94136,0.98723,0.89607,0.99172,0.94136,0.98723,0.87053,0.50497,0.70519,0.23201,0.00236,0,0.0192189,0.0064063,0.0192189,0.0064063,0.0192189,0.0064063,0.0192189,0.0064063
365,4818.99,0.38294,0.32081,0.15151,0.00097,0.06908,0.97256,0.91667,0.98144,0.88894,0.97256,0.91667,0.98144,0.86526,0.50353,0.7143,0.29581,0.00237,0,0.0191892,0.0063964,0.0191892,0.0063964,0.0191892,0.0063964,0.0191892,0.0063964
366,4831.42,0.3945,0.31725,0.15139,0.00098,0.07845,0.96663,0.92284,0.97968,0.88358,0.96663,0.92284,0.97968,0.86382,0.50922,0.72334,0.37782,0.00238,0,0.0191595,0.0063865,0.0191595,0.0063865,0.0191595,0.0063865,0.0191595,0.0063865
367,4843.97,0.40783,0.32587,0.16833,0.00099,0.07697,0.97029,0.92284,0.97987,0.88075,0.97029,0.92284,0.97987,0.86269,0.50926,0.71608,0.47956,0.00237,0,0.0191298,0.0063766,0.0191298,0.0063766,0.0191298,0.0063766,0.0191298,0.0063766
368,4856.41,0.39106,0.3131,0.15603,0.00097,0.07964,0.96572,0.92284,0.98119,0.87972,0.96572,0.92284,0.98119,0.86547,0.51883,0.70109,0.50837,0.00242,0,0.0191001,0.0063667,0.0191001,0.0063667,0.0191001,0.0063667,0.0191001,0.0063667
369,4868.79,0.38846,0.31867,0.15983,0.00099,0.07381,0.94872,0.90123,0.97387,0.8765,0.94872,0.90123,0.97387,0.86104,0.52314,0.68897,0.49433,0.00244,0,0.0190704,0.0063568,0.0190704,0.0063568,0.0190704,0.0063568,0.0190704,0.0063568
370,4881.42,0.39918,0.3296,0.16236,0.00099,0.08252,0.93875,0.89506,0.97434,0.87199,0.94199,0.89815,0.97722,0.85815,0.53002,0.67426,0.51115,0.00245,0,0.0190407,0.0063469,0.0190407,0.0063469,0.0190407,0.0063469,0.0190407,0.0063469
371,4893.81,0.39375,0.30955,0.16805,0.001,0.08236,0.95543,0.92617,0.98096,0.87024,0.95543,0.92617,0.98096,0.85327,0.54378,0.66863,0.47211,0.00251,0,0.019011,0.006337,0.019011,0.006337,0.019011,0.006337,0.019011,0.006337
372,4906.31,0.38432,0.32474,0.16577,0.00097,0.0784,0.98858,0.93827,0.98639,0.87804,0.98858,0.93827,0.98639,0.86005,0.53903,0.65913,0.29643,0.0025,0,0.0189813,0.0063271,0.0189813,0.0063271,0.0189813,0.0063271,0.0189813,0.0063271
373,4918.67,0.39668,0.31614,0.15399,0.00097,0.07712,0.98106,0.95915,0.98882,0.88005,0.98106,0.95915,0.98882,0.86383,0.54114,0.65091,0.2948,0.00251,0,0.0189516,0.0063172,0.0189516,0.0063172,0.0189516,0.0063172,0.0189516,0.0063172
374,4931.03,0.39396,0.33281,0.15653,0.001,0.07423,0.98946,0.96296,0.98971,0.87933,0.98946,0.96296,0.98971,0.85798,0.53218,0.64647,0.32689,0.00247,0,0.0189219,0.0063073,0.0189219,0.0063073,0.0189219,0.0063073,0.0189219,0.0063073
375,4943.54,0.40179,0.31843,0.16101,0.00099,0.0735,0.96146,0.96605,0.98802,0.8809,0.95839,0.96296,0.98663,0.8606,0.52411,0.65,0.38766,0.00244,0,0.0188922,0.0062974,0.0188922,0.0062974,0.0188922,0.0062974,0.0188922,0.0062974
376,4955.9,0.38789,0.31571,0.15437,0.00096,0.07705,0.93684,0.98765,0.98757,0.88143,0.93684,0.98765,0.98757,0.85632,0.52077,0.65776,0.42452,0.00243,0,0.0188625,0.0062875,0.0188625,0.0062875,0.0188625,0.0062875,0.0188625,0.0062875
377,4968.41,0.38265,0.31657,0.15394,0.00097,0.0725,0.96033,0.9712,0.98733,0.87782,0.96033,0.9712,0.98733,0.85281,0.52799,0.66914,0.48473,0.00246,0,0.0188328,0.0062776,0.0188328,0.0062776,0.0188328,0.0062776,0.0188328,0.0062776
378,4980.77,0.37721,0.31318,0.14806,0.00096,0.07429,0.95466,0.95679,0.98234,0.87323,0.95466,0.95679,0.98108,0.85246,0.53297,0.67296,0.56452,0.00247,0,0.0188031,0.0062677,0.0188031,0.0062677,0.0188031,0.0062677,0.0188031,0.0062677
379,4993.12,0.38126,0.31455,0.14966,0.00095,0.06925,0.94037,0.96914,0.98051,0.87057,0.94037,0.96914,0.98051,0.85093,0.52836,0.6689,0.59816,0.00245,0,0.0187734,0.0062578,0.0187734,0.0062578,0.0187734,0.0062578,0.0187734,0.0062578
380,5005.59,0.39261,0.31354,0.15481,0.00095,0.07236,0.93196,0.97228,0.979,0.87118,0.93196,0.97228,0.979,0.84988,0.51911,0.6674,0.65175,0.00241,0,0.0187437,0.0062479,0.0187437,0.0062479,0.0187437,0.0062479,0.0187437,0.0062479
381,5017.97,0.38867,0.31577,0.14856,0.00096,0.07138,0.93488,0.97476,0.98293,0.87527,0.93488,0.97476,0.98293,0.85855,0.52003,0.6724,0.61876,0.00242,0,0.018714,0.006238,0.018714,0.006238,0.018714,0.006238,0.018714,0.006238
382,5030.37,0.39445,0.31804,0.15289,0.00101,0.06977,0.9306,0.97531,0.98329,0.88007,0.9306,0.97531,0.98329,0.86217,0.51722,0.67393,0.57235,0.00241,0,0.0186843,0.0062281,0.0186843,0.0062281,0.0186843,0.0062281,0.0186843,0.0062281
383,5042.9,0.38399,0.30841,0.14776,0.00098,0.06787,0.93797,0.9801,0.98312,0.88136,0.93797,0.9801,0.98312,0.85747,0.5139,0.67693,0.57886,0.00239,0,0.0186546,0.0062182,0.0186546,0.0062182,0.0186546,0.0062182,0.0186546,0.0062182
384,5055.31,0.37573,0.30945,0.14416,0.00094,0.06823,0.96479,0.96296,0.98533,0.88725,0.96479,0.96296,0.98533,0.86307,0.51535,0.67388,0.567,0.00239,0,0.0186249,0.0062083,0.0186249,0.0062083,0.0186249,0.0062083,0.0186249,0.0062083
385,5068.59,0.39042,0.31379,0.14518,0.00094,0.07179,0.96802,0.9784,0.98622,0.88433,0.96802,0.9784,0.98622,0.86391,0.5161,0.68137,0.55326,0.00239,0,0.0185952,0.0061984,0.0185952,0.0061984,0.0185952,0.0061984,0.0185952,0.0061984
386,5082.11,0.38976,0.31206,0.15283,0.00096,0.07365,0.96411,0.96914,0.98686,0.88384,0.96411,0.96914,0.98686,0.86502,0.52064,0.68119,0.53584,0.0024,0,0.0185655,0.0061885,0.0185655,0.0061885,0.0185655,0.0061885,0.0185655,0.0061885
387,5095.39,0.39967,0.32136,0.16073,0.00099,0.07557,0.96416,0.97222,0.98861,0.88732,0.96416,0.97222,0.98861,0.86769,0.52182,0.69452,0.51342,0.00242,0,0.0185358,0.0061786,0.0185358,0.0061786,0.0185358,0.0061786,0.0185358,0.0061786
388,5108.19,0.385,0.31661,0.15998,0.00097,0.0752,0.96533,0.97531,0.98943,0.88448,0.96533,0.97531,0.98943,0.86658,0.531,0.69683,0.51668,0.00247,0,0.0185061,0.0061687,0.0185061,0.0061687,0.0185061,0.0061687,0.0185061,0.0061687
389,5121.03,0.37045,0.30976,0.14175,0.00096,0.06849,0.96559,0.97222,0.98926,0.8786,0.96559,0.97222,0.98926,0.86234,0.52978,0.70515,0.46908,0.00247,0,0.0184764,0.0061588,0.0184764,0.0061588,0.0184764,0.0061588,0.0184764,0.0061588
390,5133.92,0.37213,0.29788,0.14465,0.00092,0.06648,0.96715,0.97222,0.98859,0.87953,0.96715,0.97222,0.98859,0.86108,0.52561,0.69612,0.52178,0.00245,0,0.0184467,0.0061489,0.0184467,0.0061489,0.0184467,0.0061489,0.0184467,0.0061489
391,5146.57,0.37511,0.31327,0.1586,0.00096,0.07328,0.9495,0.97222,0.9878,0.87705,0.9495,0.97222,0.9878,0.86027,0.52263,0.68835,0.56255,0.00244,0,0.018417,0.006139,0.018417,0.006139,0.018417,0.006139,0.018417,0.006139
392,5159.16,0.38532,0.31767,0.15108,0.00095,0.07333,0.9318,0.98457,0.98787,0.87647,0.9318,0.98457,0.98787,0.85943,0.52397,0.67638,0.54552,0.00245,0,0.0183873,0.0061291,0.0183873,0.0061291,0.0183873,0.0061291,0.0183873,0.0061291
393,5171.87,0.38967,0.30947,0.14831,0.00097,0.07516,0.96377,0.94444,0.98758,0.87809,0.96377,0.94444,0.98758,0.86347,0.52066,0.67327,0.49713,0.00242,0,0.0183576,0.0061192,0.0183576,0.0061192,0.0183576,0.0061192,0.0183576,0.0061192
394,5184.24,0.38797,0.30947,0.14199,0.00098,0.06744,0.97518,0.94753,0.98776,0.88004,0.97518,0.94753,0.98776,0.86187,0.51311,0.68174,0.47533,0.00238,0,0.0183279,0.0061093,0.0183279,0.0061093,0.0183279,0.0061093,0.0183279,0.0061093
395,5196.56,0.39568,0.31865,0.1572,0.001,0.07016,0.98235,0.95062,0.98816,0.88479,0.98235,0.95062,0.98816,0.86599,0.51676,0.68088,0.39798,0.00238,0,0.0182982,0.0060994,0.0182982,0.0060994,0.0182982,0.0060994,0.0182982,0.0060994
396,5209,0.39219,0.31396,0.15637,0.00099,0.06912,0.98428,0.96633,0.98932,0.8857,0.98428,0.96633,0.98932,0.87429,0.51275,0.68284,0.3175,0.00237,0,0.0182685,0.0060895,0.0182685,0.0060895,0.0182685,0.0060895,0.0182685,0.0060895
397,5221.35,0.3873,0.31383,0.16607,0.00097,0.06717,0.98681,0.98148,0.99065,0.88721,0.98681,0.98148,0.99065,0.87294,0.51234,0.69207,0.25988,0.00238,0,0.0182388,0.0060796,0.0182388,0.0060796,0.0182388,0.0060796,0.0182388,0.0060796
398,5233.82,0.38731,0.31708,0.15616,0.00097,0.07868,0.99269,0.96296,0.99015,0.89051,0.99269,0.96296,0.99015,0.87497,0.51243,0.69587,0.26969,0.00238,0,0.0182091,0.0060697,0.0182091,0.0060697,0.0182091,0.0060697,0.0182091,0.0060697
399,5246.49,0.38935,0.30985,0.14946,0.00098,0.07648,0.98746,0.97196,0.98994,0.89239,0.98746,0.97196,0.98994,0.87697,0.51163,0.69657,0.29601,0.00238,0,0.0181794,0.0060598,0.0181794,0.0060598,0.0181794,0.0060598,0.0181794,0.0060598
400,5259.76,0.38165,0.31934,0.14207,0.00099,0.07071,0.96279,0.96605,0.98623,0.89235,0.96279,0.96605,0.98623,0.87344,0.50799,0.6913,0.42629,0.00236,0,0.0181497,0.0060499,0.0181497,0.0060499,0.0181497,0.0060499,0.0181497,0.0060499
401,5272.28,0.38672,0.30097,0.14463,0.00096,0.07946,0.95509,0.95988,0.983,0.88999,0.95509,0.95988,0.983,0.87118,0.49896,0.68888,0.49477,0.00232,0,0.01812,0.00604,0.01812,0.00604,0.01812,0.00604,0.01812,0.00604
402,5285.42,0.37238,0.31447,0.14264,0.00092,0.07444,0.94541,0.96207,0.98038,0.89037,0.94541,0.96207,0.98038,0.87042,0.49884,0.68739,0.52743,0.00231,0,0.0180903,0.0060301,0.0180903,0.0060301,0.0180903,0.0060301,0.0180903,0.0060301
403,5300.11,0.38427,0.31425,0.15035,0.00095,0.07565,0.94001,0.96731,0.98264,0.88926,0.94001,0.96731,0.98264,0.8717,0.50371,0.69178,0.5254,0.00234,0,0.0180606,0.0060202,0.0180606,0.0060202,0.0180606,0.0060202,0.0180606,0.0060202
404,5314.55,0.38861,0.31353,0.15003,0.00097,0.07113,0.96015,0.97222,0.98604,0.89288,0.96015,0.97222,0.98604,0.87644,0.504,0.69433,0.50029,0.00234,0,0.0180309,0.0060103,0.0180309,0.0060103,0.0180309,0.0060103,0.0180309,0.0060103
405,5328.12,0.38185,0.30031,0.1434,0.00098,0.07183,0.96705,0.96296,0.98831,0.89308,0.96705,0.96296,0.98831,0.87579,0.51063,0.69848,0.43215,0.00237,0,0.0180012,0.0060004,0.0180012,0.0060004,0.0180012,0.0060004,0.0180012,0.0060004
406,5340.81,0.37949,0.29883,0.14508,0.00096,0.06855,0.96928,0.97369,0.98975,0.89213,0.96928,0.97369,0.98975,0.87719,0.51533,0.70091,0.40009,0.00239,0,0.0179715,0.0059905,0.0179715,0.0059905,0.0179715,0.0059905,0.0179715,0.0059905
407,5354.21,0.39638,0.33495,0.15582,0.00098,0.07668,0.9695,0.98098,0.99064,0.89135,0.9695,0.98098,0.99064,0.87657,0.51589,0.69442,0.38055,0.0024,0,0.0179418,0.0059806,0.0179418,0.0059806,0.0179418,0.0059806,0.0179418,0.0059806
408,5366.99,0.38682,0.31653,0.1554,0.00098,0.0766,0.96946,0.98148,0.99011,0.89026,0.96946,0.98148,0.99011,0.87539,0.52229,0.70041,0.39812,0.00242,0,0.0179121,0.0059707,0.0179121,0.0059707,0.0179121,0.0059707,0.0179121,0.0059707
409,5379.77,0.38614,0.30206,0.14548,0.00099,0.06817,0.97853,0.96605,0.99024,0.89066,0.97853,0.96605,0.99024,0.8768,0.52115,0.70345,0.39154,0.00242,0,0.0178824,0.0059608,0.0178824,0.0059608,0.0178824,0.0059608,0.0178824,0.0059608
410,5392.72,0.3944,0.33088,0.15272,0.00099,0.07756,0.98119,0.95988,0.99033,0.88902,0.98119,0.95988,0.99033,0.87703,0.52304,0.69231,0.40051,0.00242,0,0.0178527,0.0059509,0.0178527,0.0059509,0.0178527,0.0059509,0.0178527,0.0059509
411,5405.57,0.39208,0.31136,0.15023,0.00097,0.06713,0.97685,0.96914,0.99026,0.89063,0.97685,0.96914,0.99026,0.8797,0.51462,0.69144,0.41175,0.0024,0,0.017823,0.005941,0.017823,0.005941,0.017823,0.005941,0.017823,0.005941
412,5419.05,0.38611,0.31616,0.1505,0.001,0.07598,0.97764,0.97222,0.99039,0.89242,0.97764,0.97222,0.99039,0.87629,0.51392,0.70086,0.41202,0.00238,0,0.0177933,0.0059311,0.0177933,0.0059311,0.0177933,0.0059311,0.0177933,0.0059311
413,5431.91,0.38783,0.30194,0.14917,0.001,0.07107,0.97625,0.97531,0.99048,0.89742,0.97625,0.97531,0.99048,0.87903,0.51419,0.70847,0.40082,0.00239,0,0.0177636,0.0059212,0.0177636,0.0059212,0.0177636,0.0059212,0.0177636,0.0059212
414,5444.63,0.3854,0.32166,0.14233,0.00094,0.07732,0.9782,0.96928,0.99008,0.89804,0.9782,0.96928,0.99008,0.88251,0.51471,0.71321,0.396,0.00239,0,0.0177339,0.0059113,0.0177339,0.0059113,0.0177339,0.0059113,0.0177339,0.0059113
415,5457.61,0.37819,0.31039,0.14144,0.00095,0.06725,0.97829,0.97377,0.9901,0.89665,0.97829,0.97377,0.9901,0.88079,0.51292,0.71419,0.38538,0.00239,0,0.0177042,0.0059014,0.0177042,0.0059014,0.0177042,0.0059014,0.0177042,0.0059014
416,5469.95,0.36773,0.30329,0.13794,0.00095,0.06996,0.97485,0.97531,0.99003,0.89746,0.97485,0.97531,0.99003,0.88026,0.51835,0.71585,0.39017,0.00241,0,0.0176745,0.0058915,0.0176745,0.0058915,0.0176745,0.0058915,0.0176745,0.0058915
417,5482.28,0.38808,0.31435,0.14553,0.00098,0.07431,0.98087,0.97222,0.99065,0.89498,0.98087,0.97222,0.99065,0.88049,0.52462,0.71516,0.35637,0.00243,0,0.0176448,0.0058816,0.0176448,0.0058816,0.0176448,0.0058816,0.0176448,0.0058816
418,5494.91,0.38345,0.31039,0.14439,0.00095,0.07263,0.9835,0.97531,0.991,0.89818,0.9835,0.97531,0.991,0.87908,0.52752,0.71595,0.34166,0.00244,0,0.0176151,0.0058717,0.0176151,0.0058717,0.0176151,0.0058717,0.0176151,0.0058717
419,5507.63,0.39699,0.29852,0.14965,0.00098,0.06956,0.977,0.97531,0.9903,0.8953,0.977,0.97531,0.9903,0.87744,0.5209,0.71037,0.3572,0.00241,0,0.0175854,0.0058618,0.0175854,0.0058618,0.0175854,0.0058618,0.0175854,0.0058618
420,5520.36,0.38567,0.31294,0.1482,0.00097,0.07041,0.97997,0.97531,0.99076,0.89485,0.97997,0.97531,0.99076,0.87568,0.51892,0.70111,0.35471,0.00241,0,0.0175557,0.0058519,0.0175557,0.0058519,0.0175557,0.0058519,0.0175557,0.0058519
421,5532.92,0.3788,0.30445,0.14085,0.00093,0.06532,0.9818,0.96914,0.99082,0.89482,0.9818,0.96914,0.99082,0.87648,0.52432,0.70067,0.3512,0.00241,0,0.017526,0.005842,0.017526,0.005842,0.017526,0.005842,0.017526,0.005842
422,5545.26,0.38373,0.32893,0.14406,0.00096,0.07113,0.97248,0.98169,0.99077,0.89509,0.97248,0.98169,0.99077,0.87588,0.52582,0.70249,0.35869,0.00242,0,0.0174963,0.0058321,0.0174963,0.0058321,0.0174963,0.0058321,0.0174963,0.0058321
423,5557.78,0.37178,0.32255,0.14044,0.00094,0.07042,0.97827,0.9728,0.99028,0.8933,0.97827,0.9728,0.99028,0.87088,0.5269,0.70232,0.33784,0.00243,0,0.0174666,0.0058222,0.0174666,0.0058222,0.0174666,0.0058222,0.0174666,0.0058222
424,5570.14,0.36832,0.30365,0.13972,0.00094,0.06507,0.98727,0.97222,0.99043,0.89404,0.98727,0.97222,0.99043,0.87061,0.53257,0.70551,0.29299,0.00246,0,0.0174369,0.0058123,0.0174369,0.0058123,0.0174369,0.0058123,0.0174369,0.0058123
425,5582.64,0.38225,0.30541,0.14985,0.00097,0.06433,0.96633,0.97442,0.98964,0.89812,0.96633,0.97442,0.98964,0.87207,0.52742,0.71269,0.30029,0.00244,0,0.0174072,0.0058024,0.0174072,0.0058024,0.0174072,0.0058024,0.0174072,0.0058024
426,5595.08,0.36816,0.29936,0.14526,0.00093,0.06625,0.97546,0.9537,0.98883,0.89268,0.97546,0.9537,0.98883,0.87313,0.52834,0.71072,0.36371,0.00243,0,0.0173775,0.0057925,0.0173775,0.0057925,0.0173775,0.0057925,0.0173775,0.0057925
427,5607.46,0.37355,0.29503,0.14461,0.00092,0.06746,0.94463,0.97222,0.98825,0.89037,0.94463,0.97222,0.98825,0.86593,0.52349,0.70412,0.44829,0.00242,0,0.0173478,0.0057826,0.0173478,0.0057826,0.0173478,0.0057826,0.0173478,0.0057826
428,5620.17,0.37809,0.29963,0.14248,0.00095,0.07103,0.95433,0.96747,0.98793,0.89017,0.95433,0.96747,0.98793,0.86607,0.51637,0.69499,0.47668,0.00239,0,0.0173181,0.0057727,0.0173181,0.0057727,0.0173181,0.0057727,0.0173181,0.0057727
429,5632.97,0.37069,0.31437,0.14344,0.00095,0.06212,0.94575,0.9686,0.98679,0.8892,0.94575,0.9686,0.98679,0.86371,0.51385,0.6948,0.50486,0.00238,0,0.0172884,0.0057628,0.0172884,0.0057628,0.0172884,0.0057628,0.0172884,0.0057628
430,5645.78,0.36942,0.30968,0.14375,0.00092,0.06458,0.92091,0.96296,0.98543,0.89244,0.92091,0.96296,0.98543,0.86385,0.5111,0.70117,0.55664,0.00236,0,0.0172587,0.0057529,0.0172587,0.0057529,0.0172587,0.0057529,0.0172587,0.0057529
431,5659.34,0.36677,0.30788,0.13863,0.00093,0.06751,0.94453,0.94594,0.98537,0.89029,0.94453,0.94594,0.98537,0.86473,0.51186,0.70573,0.55935,0.00237,0,0.017229,0.005743,0.017229,0.005743,0.017229,0.005743,0.017229,0.005743
432,5671.96,0.36433,0.30323,0.14087,0.0009,0.06732,0.93874,0.94588,0.98497,0.89136,0.93874,0.94588,0.98497,0.8633,0.51178,0.71297,0.55848,0.00237,0,0.0171993,0.0057331,0.0171993,0.0057331,0.0171993,0.0057331,0.0171993,0.0057331
433,5684.79,0.37623,0.29435,0.14337,0.00093,0.06879,0.91331,0.97551,0.98435,0.88791,0.91331,0.97551,0.98435,0.86225,0.51122,0.71783,0.57035,0.00237,0,0.0171696,0.0057232,0.0171696,0.0057232,0.0171696,0.0057232,0.0171696,0.0057232
434,5698.1,0.37116,0.29782,0.1381,0.00092,0.0692,0.92195,0.94792,0.98158,0.88563,0.92495,0.95101,0.98363,0.86052,0.51518,0.71918,0.57274,0.00238,0,0.0171399,0.0057133,0.0171399,0.0057133,0.0171399,0.0057133,0.0171399,0.0057133
435,5710.55,0.3718,0.29899,0.14547,0.00091,0.06923,0.93773,0.9321,0.98021,0.88489,0.94084,0.93519,0.98217,0.86042,0.51153,0.71909,0.56894,0.00238,0,0.0171102,0.0057034,0.0171102,0.0057034,0.0171102,0.0057034,0.0171102,0.0057034
436,5723,0.38094,0.3137,0.14669,0.00097,0.06926,0.92894,0.92806,0.97825,0.88346,0.93203,0.93115,0.98035,0.85881,0.51145,0.71755,0.57978,0.00237,0,0.0170805,0.0056935,0.0170805,0.0056935,0.0170805,0.0056935,0.0170805,0.0056935
437,5735.44,0.38062,0.304,0.14872,0.00095,0.07269,0.91123,0.9537,0.98153,0.88945,0.91123,0.9537,0.98153,0.85926,0.50798,0.71931,0.53146,0.00236,0,0.0170508,0.0056836,0.0170508,0.0056836,0.0170508,0.0056836,0.0170508,0.0056836
438,5748.21,0.35639,0.30387,0.14368,0.00092,0.06613,0.92259,0.94136,0.98391,0.89114,0.92259,0.94136,0.98391,0.861,0.51024,0.71586,0.5026,0.00236,0,0.0170211,0.0056737,0.0170211,0.0056737,0.0170211,0.0056737,0.0170211,0.0056737
439,5760.74,0.36826,0.30601,0.14268,0.00092,0.07261,0.90273,0.97531,0.98428,0.8905,0.90273,0.97531,0.98428,0.86451,0.51235,0.71304,0.54307,0.00235,0,0.0169914,0.0056638,0.0169914,0.0056638,0.0169914,0.0056638,0.0169914,0.0056638
440,5773.43,0.36951,0.29939,0.14114,0.00094,0.06405,0.91706,0.9555,0.98291,0.89086,0.92002,0.95859,0.98468,0.86502,0.51808,0.71371,0.56555,0.00238,0,0.0169617,0.0056539,0.0169617,0.0056539,0.0169617,0.0056539,0.0169617,0.0056539
441,5786.12,0.37613,0.31882,0.14259,0.00096,0.07111,0.96541,0.92901,0.98613,0.88939,0.96541,0.92901,0.98613,0.86328,0.51985,0.70542,0.57183,0.00239,0,0.016932,0.005644,0.016932,0.005644,0.016932,0.005644,0.016932,0.005644
442,5799.04,0.36506,0.31379,0.14107,0.00094,0.06719,0.9255,0.95679,0.98539,0.88556,0.9255,0.95679,0.98539,0.86213,0.52338,0.70461,0.57643,0.00241,0,0.0169023,0.0056341,0.0169023,0.0056341,0.0169023,0.0056341,0.0169023,0.0056341
443,5812.29,0.37254,0.30606,0.14563,0.00093,0.07306,0.90922,0.97531,0.98409,0.88434,0.90922,0.97531,0.98409,0.8608,0.52786,0.70316,0.58104,0.00243,0,0.0168726,0.0056242,0.0168726,0.0056242,0.0168726,0.0056242,0.0168726,0.0056242
444,5825.5,0.35826,0.30562,0.14467,0.00091,0.07215,0.90697,0.97531,0.98497,0.88414,0.90697,0.97531,0.98497,0.86044,0.53453,0.71741,0.57125,0.00247,0,0.0168429,0.0056143,0.0168429,0.0056143,0.0168429,0.0056143,0.0168429,0.0056143
445,5838.96,0.37251,0.30765,0.14388,0.00094,0.07132,0.97114,0.93469,0.9872,0.88727,0.97114,0.93469,0.9872,0.86334,0.53276,0.7145,0.50305,0.00245,0,0.0168132,0.0056044,0.0168132,0.0056044,0.0168132,0.0056044,0.0168132,0.0056044
446,5851.85,0.3712,0.29815,0.14392,0.00094,0.06644,0.97537,0.94136,0.98814,0.8861,0.97537,0.94136,0.98814,0.8652,0.52966,0.70494,0.46884,0.00245,0,0.0167835,0.0055945,0.0167835,0.0055945,0.0167835,0.0055945,0.0167835,0.0055945
447,5864.72,0.37895,0.31348,0.14504,0.00094,0.07049,0.97066,0.97531,0.99047,0.88516,0.97066,0.97531,0.99047,0.86752,0.53072,0.70601,0.41838,0.00245,0,0.0167538,0.0055846,0.0167538,0.0055846,0.0167538,0.0055846,0.0167538,0.0055846
448,5877.58,0.36901,0.30652,0.1433,0.0009,0.071,0.98791,0.97222,0.99082,0.88264,0.98791,0.97222,0.99082,0.86412,0.52735,0.70895,0.41904,0.00243,0,0.0167241,0.0055747,0.0167241,0.0055747,0.0167241,0.0055747,0.0167241,0.0055747
449,5890.91,0.37102,0.30791,0.1452,0.00093,0.08196,0.98088,0.97531,0.99056,0.88158,0.98088,0.97531,0.99056,0.86249,0.52353,0.70369,0.40908,0.00241,0,0.0166944,0.0055648,0.0166944,0.0055648,0.0166944,0.0055648,0.0166944,0.0055648
450,5903.91,0.37797,0.29691,0.1469,0.00093,0.0739,0.98735,0.96367,0.99045,0.87998,0.98735,0.96367,0.99045,0.86408,0.52285,0.69846,0.39907,0.00241,0,0.0166647,0.0055549,0.0166647,0.0055549,0.0166647,0.0055549,0.0166647,0.0055549
451,5917.18,0.3724,0.31239,0.14768,0.00092,0.07192,1,0.94936,0.99017,0.88247,1,0.94936,0.99017,0.86657,0.51794,0.69882,0.37396,0.0024,0,0.016635,0.005545,0.016635,0.005545,0.016635,0.005545,0.016635,0.005545
452,5930.93,0.37252,0.30377,0.14662,0.00095,0.07233,0.99847,0.94753,0.98962,0.88315,0.99847,0.94753,0.98962,0.86624,0.51641,0.69937,0.39729,0.00239,0,0.0166053,0.0055351,0.0166053,0.0055351,0.0166053,0.0055351,0.0166053,0.0055351
453,5944.34,0.38168,0.30119,0.14264,0.00094,0.07038,0.98034,0.95062,0.9886,0.88562,0.98034,0.95062,0.9886,0.86511,0.51675,0.70344,0.45977,0.00241,0,0.0165756,0.0055252,0.0165756,0.0055252,0.0165756,0.0055252,0.0165756,0.0055252
454,5957.55,0.36683,0.29801,0.145,0.00092,0.06755,0.96774,0.94136,0.98777,0.88344,0.96774,0.94136,0.98777,0.86189,0.52841,0.70574,0.48539,0.00246,0,0.0165459,0.0055153,0.0165459,0.0055153,0.0165459,0.0055153,0.0165459,0.0055153
455,5970.73,0.36929,0.30622,0.14504,0.00093,0.07113,0.96974,0.94136,0.98754,0.87857,0.96974,0.94136,0.98754,0.86019,0.52756,0.71015,0.50593,0.00246,0,0.0165162,0.0055054,0.0165162,0.0055054,0.0165162,0.0055054,0.0165162,0.0055054
456,5984.14,0.36505,0.30425,0.14435,0.0009,0.07133,0.98069,0.94057,0.98823,0.87725,0.98069,0.94057,0.98823,0.86216,0.53061,0.71078,0.49716,0.00247,0,0.0164865,0.0054955,0.0164865,0.0054955,0.0164865,0.0054955,0.0164865,0.0054955
457,5996.97,0.37943,0.30683,0.14851,0.00094,0.07385,0.98855,0.95062,0.98937,0.87917,0.98855,0.95062,0.98937,0.86554,0.53531,0.71463,0.4717,0.00249,0,0.0164568,0.0054856,0.0164568,0.0054856,0.0164568,0.0054856,0.0164568,0.0054856
458,6009.99,0.36418,0.29807,0.1399,0.00089,0.06819,0.97934,0.95988,0.99011,0.87958,0.97934,0.95988,0.99011,0.86479,0.53279,0.72004,0.46051,0.00249,0,0.0164271,0.0054757,0.0164271,0.0054757,0.0164271,0.0054757,0.0164271,0.0054757
459,6022.78,0.369,0.31234,0.14091,0.00092,0.06591,0.98007,0.9537,0.98986,0.8779,0.98007,0.9537,0.98986,0.86095,0.53189,0.71433,0.4483,0.00248,0,0.0163974,0.0054658,0.0163974,0.0054658,0.0163974,0.0054658,0.0163974,0.0054658
460,6036.3,0.36469,0.30716,0.14644,0.00091,0.06893,0.97926,0.95062,0.98967,0.88031,0.97926,0.95062,0.98967,0.86256,0.52954,0.7127,0.45224,0.00246,0,0.0163677,0.0054559,0.0163677,0.0054559,0.0163677,0.0054559,0.0163677,0.0054559
461,6048.74,0.37371,0.31199,0.15088,0.00097,0.06865,0.98126,0.93827,0.98877,0.87993,0.98126,0.93827,0.98877,0.86132,0.53016,0.7103,0.49499,0.00247,0,0.016338,0.005446,0.016338,0.005446,0.016338,0.005446,0.016338,0.005446
462,6061.35,0.37822,0.30574,0.14837,0.00095,0.06998,0.97779,0.94136,0.98843,0.87862,0.97779,0.94136,0.98843,0.86055,0.53599,0.7078,0.49074,0.00249,0,0.0163083,0.0054361,0.0163083,0.0054361,0.0163083,0.0054361,0.0163083,0.0054361
463,6074.28,0.37159,0.29202,0.14182,0.00093,0.06839,0.9743,0.93599,0.98719,0.87907,0.9743,0.93599,0.98719,0.86139,0.53596,0.70427,0.55453,0.00249,0,0.0162786,0.0054262,0.0162786,0.0054262,0.0162786,0.0054262,0.0162786,0.0054262
464,6086.93,0.36553,0.30672,0.14985,0.00091,0.07221,0.966,0.94753,0.98529,0.88107,0.966,0.94753,0.98529,0.86282,0.53337,0.70455,0.58389,0.00248,0,0.0162489,0.0054163,0.0162489,0.0054163,0.0162489,0.0054163,0.0162489,0.0054163
465,6100.03,0.36139,0.30934,0.13377,0.00092,0.06685,0.92367,0.97109,0.98369,0.87872,0.92367,0.97109,0.98369,0.85945,0.53143,0.70245,0.57136,0.00246,0,0.0162192,0.0054064,0.0162192,0.0054064,0.0162192,0.0054064,0.0162192,0.0054064
466,6112.69,0.38017,0.33095,0.1461,0.00094,0.07087,0.96203,0.93841,0.98448,0.88088,0.96203,0.93841,0.98448,0.8618,0.53143,0.69656,0.55205,0.00246,0,0.0161895,0.0053965,0.0161895,0.0053965,0.0161895,0.0053965,0.0161895,0.0053965
467,6125.24,0.3755,0.29547,0.14114,0.00092,0.06205,0.95943,0.94136,0.98382,0.88245,0.95943,0.94136,0.98382,0.86248,0.53137,0.69604,0.54281,0.00246,0,0.0161598,0.0053866,0.0161598,0.0053866,0.0161598,0.0053866,0.0161598,0.0053866
468,6137.89,0.36868,0.29918,0.13882,0.00091,0.06999,0.95882,0.9343,0.98177,0.88135,0.95882,0.9343,0.98177,0.85952,0.52614,0.69961,0.55622,0.00244,0,0.0161301,0.0053767,0.0161301,0.0053767,0.0161301,0.0053767,0.0161301,0.0053767
469,6150.69,0.36738,0.30518,0.14614,0.00088,0.06821,0.9486,0.91975,0.97856,0.87682,0.9486,0.91975,0.97856,0.85819,0.52673,0.70087,0.55424,0.00245,0,0.0161004,0.0053668,0.0161004,0.0053668,0.0161004,0.0053668,0.0161004,0.0053668
470,6163.17,0.36546,0.31057,0.14348,0.0009,0.07172,0.9646,0.92516,0.9815,0.87863,0.9646,0.92516,0.9815,0.86062,0.52764,0.70099,0.49758,0.00245,0,0.0160707,0.0053569,0.0160707,0.0053569,0.0160707,0.0053569,0.0160707,0.0053569
471,6175.87,0.36854,0.30757,0.14796,0.00092,0.07144,0.95552,0.94444,0.98183,0.88171,0.95864,0.94753,0.98383,0.86337,0.52868,0.70203,0.48765,0.00246,0,0.016041,0.005347,0.016041,0.005347,0.016041,0.005347,0.016041,0.005347
472,6188.3,0.36971,0.29695,0.14659,0.00091,0.07571,0.95693,0.94753,0.98342,0.88338,0.95693,0.94753,0.98342,0.86535,0.52767,0.69835,0.50202,0.00244,0,0.0160113,0.0053371,0.0160113,0.0053371,0.0160113,0.0053371,0.0160113,0.0053371
473,6200.74,0.36334,0.31073,0.14817,0.00091,0.07287,0.94096,0.95062,0.98173,0.88163,0.94434,0.9537,0.98339,0.86696,0.52611,0.70366,0.52288,0.00244,0,0.0159816,0.0053272,0.0159816,0.0053272,0.0159816,0.0053272,0.0159816,0.0053272
474,6213.42,0.36422,0.29777,0.1417,0.00089,0.06943,0.95047,0.94768,0.98322,0.88031,0.95047,0.94768,0.98322,0.86521,0.52598,0.70762,0.54354,0.00245,0,0.0159519,0.0053173,0.0159519,0.0053173,0.0159519,0.0053173,0.0159519,0.0053173
475,6226.26,0.36147,0.31262,0.14059,0.00092,0.06631,0.94993,0.9368,0.98159,0.88153,0.94993,0.9368,0.98159,0.86874,0.5291,0.70555,0.55218,0.00245,0,0.0159222,0.0053074,0.0159222,0.0053074,0.0159222,0.0053074,0.0159222,0.0053074
476,6239.1,0.36035,0.30085,0.13633,0.00091,0.07513,0.90866,0.97222,0.98073,0.8813,0.90866,0.97222,0.98073,0.86784,0.53107,0.70654,0.55702,0.00245,0,0.0158925,0.0052975,0.0158925,0.0052975,0.0158925,0.0052975,0.0158925,0.0052975
477,6252.05,0.36614,0.30032,0.13853,0.00094,0.07032,0.93929,0.93519,0.98061,0.88259,0.93929,0.93519,0.98061,0.86631,0.52528,0.70743,0.56754,0.00242,0,0.0158628,0.0052876,0.0158628,0.0052876,0.0158628,0.0052876,0.0158628,0.0052876
478,6264.74,0.36257,0.28301,0.13809,0.00091,0.06247,0.93721,0.94753,0.98065,0.88327,0.93721,0.94753,0.98065,0.86689,0.52582,0.70985,0.55423,0.00243,0,0.0158331,0.0052777,0.0158331,0.0052777,0.0158331,0.0052777,0.0158331,0.0052777
479,6277.76,0.36527,0.3006,0.14352,0.00091,0.06482,0.93772,0.96296,0.98199,0.88522,0.93772,0.96296,0.98199,0.87096,0.52095,0.70867,0.52088,0.00241,0,0.0158034,0.0052678,0.0158034,0.0052678,0.0158034,0.0052678,0.0158034,0.0052678
480,6291.63,0.37002,0.30706,0.13885,0.00092,0.07413,0.93947,0.95802,0.98268,0.8859,0.93947,0.95802,0.98268,0.87214,0.52025,0.70717,0.54718,0.0024,0,0.0157737,0.0052579,0.0157737,0.0052579,0.0157737,0.0052579,0.0157737,0.0052579
481,6304.81,0.36307,0.30389,0.1464,0.00092,0.06547,0.94227,0.96605,0.98392,0.8886,0.94227,0.96605,0.98392,0.87172,0.51913,0.71082,0.53741,0.0024,0,0.015744,0.005248,0.015744,0.005248,0.015744,0.005248,0.015744,0.005248
482,6319.16,0.36302,0.30099,0.1453,0.00091,0.07138,0.92366,0.971,0.98393,0.88708,0.92366,0.971,0.98393,0.8739,0.51766,0.71134,0.53111,0.0024,0,0.0157143,0.0052381,0.0157143,0.0052381,0.0157143,0.0052381,0.0157143,0.0052381
483,6333,0.37552,0.30336,0.15283,0.00091,0.07435,0.92677,0.96914,0.98342,0.88501,0.92677,0.96914,0.98223,0.87165,0.51396,0.71361,0.52601,0.00238,0,0.0156846,0.0052282,0.0156846,0.0052282,0.0156846,0.0052282,0.0156846,0.0052282
484,6346.51,0.37353,0.3119,0.14713,0.00093,0.07326,0.94516,0.95754,0.9843,0.88432,0.94516,0.95754,0.98311,0.87073,0.51891,0.71691,0.51264,0.0024,0,0.0156549,0.0052183,0.0156549,0.0052183,0.0156549,0.0052183,0.0156549,0.0052183
485,6359.68,0.35574,0.29551,0.13921,0.00089,0.0641,0.95014,0.95988,0.98527,0.886,0.95014,0.95988,0.98407,0.87202,0.51596,0.71771,0.50797,0.00238,0,0.0156252,0.0052084,0.0156252,0.0052084,0.0156252,0.0052084,0.0156252,0.0052084
486,6372.83,0.35955,0.30752,0.13798,0.00091,0.06919,0.94765,0.95988,0.98445,0.8837,0.94765,0.95988,0.98325,0.8709,0.51517,0.71818,0.51607,0.00239,0,0.0155955,0.0051985,0.0155955,0.0051985,0.0155955,0.0051985,0.0155955,0.0051985
487,6386.48,0.36106,0.29314,0.14005,0.0009,0.06484,0.9449,0.95279,0.98347,0.88198,0.9449,0.95279,0.98229,0.86932,0.51523,0.71714,0.53647,0.00238,0,0.0155658,0.0051886,0.0155658,0.0051886,0.0155658,0.0051886,0.0155658,0.0051886
488,6400.19,0.36166,0.30472,0.15096,0.00091,0.07135,0.94493,0.95325,0.98341,0.88183,0.94493,0.95325,0.98223,0.87072,0.5138,0.71841,0.53178,0.00237,0,0.0155361,0.0051787,0.0155361,0.0051787,0.0155361,0.0051787,0.0155361,0.0051787
489,6413.9,0.36267,0.30698,0.14442,0.00091,0.06833,0.96561,0.9534,0.98614,0.88305,0.96561,0.9534,0.98494,0.87285,0.52007,0.72009,0.47931,0.00241,0,0.0155064,0.0051688,0.0155064,0.0051688,0.0155064,0.0051688,0.0155064,0.0051688
490,6427.54,0.36733,0.30625,0.14732,0.00092,0.06835,0.96366,0.94444,0.9871,0.88381,0.96366,0.94444,0.9858,0.87336,0.52528,0.71782,0.45451,0.00243,0,0.0154767,0.0051589,0.0154767,0.0051589,0.0154767,0.0051589,0.0154767,0.0051589
491,6441.24,0.35872,0.2951,0.13287,0.00089,0.06836,0.98397,0.94735,0.98849,0.88241,0.98397,0.94735,0.98849,0.86782,0.5343,0.71453,0.42885,0.00246,0,0.015447,0.005149,0.015447,0.005149,0.015447,0.005149,0.015447,0.005149
492,6454.63,0.36214,0.30509,0.14748,0.00087,0.07674,0.97466,0.94981,0.98833,0.88065,0.97449,0.94329,0.98684,0.86738,0.53209,0.71206,0.441,0.00246,0,0.0154173,0.0051391,0.0154173,0.0051391,0.0154173,0.0051391,0.0154173,0.0051391
493,6468.16,0.36162,0.30468,0.139,0.0009,0.06656,0.97475,0.95309,0.9866,0.87763,0.9779,0.95617,0.98847,0.86613,0.53529,0.70944,0.44117,0.00248,0,0.0153876,0.0051292,0.0153876,0.0051292,0.0153876,0.0051292,0.0153876,0.0051292
494,6481.76,0.35134,0.3002,0.14001,0.00089,0.06851,0.95735,0.97001,0.98873,0.87923,0.95735,0.97001,0.98873,0.86436,0.53619,0.70791,0.45429,0.00248,0,0.0153579,0.0051193,0.0153579,0.0051193,0.0153579,0.0051193,0.0153579,0.0051193
495,6494.91,0.36483,0.29991,0.15003,0.0009,0.07492,0.95495,0.98138,0.98843,0.87825,0.95495,0.98138,0.98843,0.86378,0.53412,0.70564,0.46861,0.00248,0,0.0153282,0.0051094,0.0153282,0.0051094,0.0153282,0.0051094,0.0153282,0.0051094
496,6508.34,0.37404,0.31254,0.14818,0.00093,0.06644,0.95979,0.96914,0.98716,0.87553,0.95979,0.96914,0.98716,0.86121,0.5318,0.70753,0.51189,0.00247,0,0.0152985,0.0050995,0.0152985,0.0050995,0.0152985,0.0050995,0.0152985,0.0050995
497,6521.8,0.35824,0.31158,0.14124,0.00091,0.06189,0.92231,0.97531,0.98478,0.8745,0.92231,0.97531,0.98478,0.86086,0.52802,0.70914,0.56522,0.00246,0,0.0152688,0.0050896,0.0152688,0.0050896,0.0152688,0.0050896,0.0152688,0.0050896
498,6535.46,0.35898,0.2928,0.14352,0.00091,0.06297,0.91483,0.96914,0.98243,0.87398,0.91483,0.96914,0.98243,0.85979,0.52815,0.70915,0.55393,0.00245,0,0.0152391,0.0050797,0.0152391,0.0050797,0.0152391,0.0050797,0.0152391,0.0050797
499,6548.87,0.3583,0.30712,0.14652,0.00087,0.06643,0.90493,0.98457,0.98051,0.87171,0.90493,0.98457,0.98051,0.8556,0.53368,0.71056,0.55227,0.00247,0,0.0152094,0.0050698,0.0152094,0.0050698,0.0152094,0.0050698,0.0152094,0.0050698
500,6562.28,0.3508,0.29572,0.14185,0.00088,0.06395,0.90158,0.98148,0.97909,0.86986,0.90158,0.98148,0.97909,0.8566,0.53195,0.70785,0.55447,0.00246,0,0.0151797,0.0050599,0.0151797,0.0050599,0.0151797,0.0050599,0.0151797,0.0050599
501,6574.84,0.35396,0.3088,0.13459,0.0009,0.068,0.90576,0.97891,0.97855,0.86988,0.90576,0.97891,0.97855,0.85721,0.53013,0.70584,0.54294,0.00245,0,0.01515,0.00505,0.01515,0.00505,0.01515,0.00505,0.01515,0.00505
502,6587.77,0.35975,0.30564,0.14979,0.00091,0.06891,0.91875,0.98148,0.97877,0.87161,0.91875,0.98148,0.97877,0.85953,0.52843,0.70694,0.53381,0.00245,0,0.0151203,0.0050401,0.0151203,0.0050401,0.0151203,0.0050401,0.0151203,0.0050401
503,6600.81,0.36939,0.30315,0.15554,0.0009,0.06866,0.9184,0.97222,0.97896,0.87361,0.9184,0.97222,0.97896,0.85796,0.52905,0.70673,0.53793,0.00245,0,0.0150906,0.0050302,0.0150906,0.0050302,0.0150906,0.0050302,0.0150906,0.0050302
504,6613.97,0.35436,0.29707,0.15183,0.00088,0.0639,0.91727,0.96914,0.97932,0.87399,0.91727,0.96914,0.97932,0.85811,0.52617,0.70974,0.5687,0.00244,0,0.0150609,0.0050203,0.0150609,0.0050203,0.0150609,0.0050203,0.0150609,0.0050203
505,6626.95,0.36048,0.29668,0.14825,0.00088,0.06974,0.91992,0.96914,0.97914,0.87502,0.91992,0.96914,0.97914,0.85832,0.52742,0.70998,0.56239,0.00244,0,0.0150312,0.0050104,0.0150312,0.0050104,0.0150312,0.0050104,0.0150312,0.0050104
506,6639.96,0.35212,0.30022,0.14304,0.00087,0.06751,0.91901,0.97531,0.97806,0.87399,0.91901,0.97531,0.97806,0.85847,0.52536,0.70752,0.57923,0.00243,0,0.0150015,0.0050005,0.0150015,0.0050005,0.0150015,0.0050005,0.0150015,0.0050005
507,6653.24,0.34649,0.29333,0.14366,0.00087,0.06814,0.91912,0.97531,0.97604,0.87549,0.91912,0.97531,0.97604,0.85946,0.52341,0.70652,0.61169,0.00242,0,0.0149718,0.0049906,0.0149718,0.0049906,0.0149718,0.0049906,0.0149718,0.0049906
508,6666.1,0.35675,0.29094,0.14359,0.00089,0.06327,0.90327,0.97996,0.97405,0.87311,0.90327,0.97996,0.97405,0.85671,0.52228,0.7061,0.6326,0.00242,0,0.0149421,0.0049807,0.0149421,0.0049807,0.0149421,0.0049807,0.0149421,0.0049807
509,6678.99,0.36084,0.30764,0.14363,0.00088,0.06824,0.91529,0.97531,0.97295,0.87041,0.91529,0.97531,0.97295,0.85831,0.52357,0.70718,0.62074,0.00243,0,0.0149124,0.0049708,0.0149124,0.0049708,0.0149124,0.0049708,0.0149124,0.0049708
510,6691.8,0.35349,0.30434,0.14305,0.00087,0.06444,0.91372,0.98062,0.9729,0.87177,0.91372,0.98062,0.9729,0.85719,0.52126,0.7078,0.61013,0.00242,0,0.0148827,0.0049609,0.0148827,0.0049609,0.0148827,0.0049609,0.0148827,0.0049609
511,6704.7,0.35258,0.29784,0.14396,0.00087,0.066,0.91617,0.9782,0.97382,0.87291,0.91617,0.9782,0.97382,0.85795,0.51678,0.70785,0.61739,0.00239,0,0.014853,0.004951,0.014853,0.004951,0.014853,0.004951,0.014853,0.004951
512,6717.18,0.3573,0.29776,0.13979,0.00089,0.06866,0.90837,0.9791,0.97574,0.87525,0.90837,0.9791,0.97574,0.86022,0.51729,0.70795,0.61004,0.0024,0,0.0148233,0.0049411,0.0148233,0.0049411,0.0148233,0.0049411,0.0148233,0.0049411
513,6729.66,0.34052,0.28385,0.13472,0.00087,0.06691,0.90835,0.97882,0.97769,0.87491,0.90835,0.97882,0.97769,0.86066,0.51919,0.7063,0.59834,0.00241,0,0.0147936,0.0049312,0.0147936,0.0049312,0.0147936,0.0049312,0.0147936,0.0049312
514,6742.74,0.3489,0.29028,0.14126,0.00087,0.06763,0.9147,0.96605,0.97906,0.87412,0.9147,0.96605,0.97906,0.85925,0.52303,0.70367,0.58936,0.00243,0,0.0147639,0.0049213,0.0147639,0.0049213,0.0147639,0.0049213,0.0147639,0.0049213
